2026-08-10 04:52:06.363 +00:00 [INF] tig-syntax·process: SECTION '{"path":"configure.ac","outcome":"raw-fallback","bytes":733,"lines":26,"out_bytes":733,"ms_total":16.1,"ms_textconv":8.03,"ms_load_old":4.26,"ms_load_new":0.55}'
2026-08-10 04:52:06.518 +00:00 [INF] tig-syntax·process: SECTION '{"path":"src/line.c","outcome":"highlighted","bytes":2679,"lines":79,"out_bytes":12841,"ms_total":153.09,"ms_textconv":3.65,"ms_load_old":3.95,"ms_load_new":0.39,"ms_hl_old":118.51,"ms_hl_new":25.97,"ms_validate":0.13,"ms_emit":0.17}'
2026-08-10 04:52:06.545 +00:00 [INF] tig-syntax·process: SECTION '{"path":"compat/compat.h","outcome":"highlighted","bytes":405,"lines":10,"out_bytes":530,"ms_total":6.82,"ms_textconv":5.4,"ms_load_old":0.5,"ms_load_new":0.27,"ms_hl_old":0.28,"ms_hl_new":0.16,"ms_validate":0.03,"ms_emit":0.03}'
2026-08-10 04:52:06.552 +00:00 [INF] tig-syntax·process: SECTION '{"path":"compat/wordexp.c","outcome":"highlighted","bytes":416,"lines":10,"out_bytes":541,"ms_total":5.9,"ms_textconv":4.73,"ms_load_old":0.39,"ms_load_new":0.2,"ms_hl_old":0.3,"ms_hl_new":0.16,"ms_validate":0.02,"ms_emit":0.04}'
2026-08-10 04:52:06.571 +00:00 [INF] tig-syntax·process: SECTION '{"path":"contrib/tig-completion.bash","outcome":"highlighted","bytes":486,"lines":13,"out_bytes":686,"ms_total":17.31,"ms_textconv":5.77,"ms_load_old":3.91,"ms_load_new":0.95,"ms_hl_old":6.06,"ms_hl_new":0.42,"ms_validate":0.04,"ms_emit":0.07}'
2026-08-10 04:52:06.648 +00:00 [INF] tig-syntax·process: SECTION '{"path":"doc/manual.adoc","outcome":"highlighted","bytes":503,"lines":13,"out_bytes":661,"ms_total":74.62,"ms_textconv":9.6,"ms_load_old":10.44,"ms_load_new":0.5,"ms_hl_old":45.3,"ms_hl_new":8.63,"ms_validate":0.02,"ms_emit":0.03}'
2026-08-10 04:52:06.706 +00:00 [INF] tig-syntax·process: SECTION '{"path":"doc/tig.1.adoc","outcome":"highlighted","bytes":497,"lines":13,"out_bytes":655,"ms_total":55.28,"ms_textconv":5.81,"ms_load_old":0.67,"ms_load_new":0.4,"ms_hl_old":39.13,"ms_hl_new":9.18,"ms_validate":0.02,"ms_emit":0.03}'
2026-08-10 04:52:06.844 +00:00 [INF] tig-syntax·process: SECTION '{"path":"doc/tigrc.5.adoc","outcome":"highlighted","bytes":477,"lines":13,"out_bytes":635,"ms_total":134.61,"ms_textconv":4.78,"ms_load_old":0.92,"ms_load_new":0.65,"ms_hl_old":84.95,"ms_hl_new":43.21,"ms_validate":0.02,"ms_emit":0.03}'
2026-08-10 04:52:06.857 +00:00 [INF] tig-syntax·process: SECTION '{"path":"include/tig/apps.h","outcome":"highlighted","bytes":424,"lines":10,"out_bytes":549,"ms_total":5.87,"ms_textconv":5.29,"ms_load_old":0.22,"ms_load_new":0.07,"ms_hl_old":0.14,"ms_hl_new":0.05,"ms_validate":0.01,"ms_emit":0.03}'
2026-08-10 04:52:06.865 +00:00 [INF] tig-syntax·process: SECTION '{"path":"include/tig/argv.h","outcome":"highlighted","bytes":424,"lines":10,"out_bytes":549,"ms_total":5.6,"ms_textconv":4.18,"ms_load_old":0.45,"ms_load_new":0.33,"ms_hl_old":0.4,"ms_hl_new":0.16,"ms_validate":0.02,"ms_emit":0.05}'
2026-08-10 04:52:06.874 +00:00 [INF] tig-syntax·process: SECTION '{"path":"include/tig/blame.h","outcome":"highlighted","bytes":428,"lines":10,"out_bytes":553,"ms_total":7.21,"ms_textconv":5.71,"ms_load_old":0.59,"ms_load_new":0.34,"ms_hl_old":0.3,"ms_hl_new":0.16,"ms_validate":0.02,"ms_emit":0.04}'
2026-08-10 04:52:06.881 +00:00 [INF] tig-syntax·process: SECTION '{"path":"include/tig/blob.h","outcome":"highlighted","bytes":424,"lines":10,"out_bytes":549,"ms_total":5.3,"ms_textconv":4.04,"ms_load_old":0.42,"ms_load_new":0.28,"ms_hl_old":0.31,"ms_hl_new":0.14,"ms_validate":0.02,"ms_emit":0.05}'
2026-08-10 04:52:06.889 +00:00 [INF] tig-syntax·process: SECTION '{"path":"include/tig/diff.h","outcome":"highlighted","bytes":424,"lines":10,"out_bytes":549,"ms_total":6.49,"ms_textconv":5.18,"ms_load_old":0.45,"ms_load_new":0.28,"ms_hl_old":0.32,"ms_hl_new":0.16,"ms_validate":0.02,"ms_emit":0.04}'
2026-08-10 04:52:06.899 +00:00 [INF] tig-syntax·process: SECTION '{"path":"include/tig/display.h","outcome":"highlighted","bytes":436,"lines":10,"out_bytes":561,"ms_total":7.03,"ms_textconv":6.12,"ms_load_old":0.29,"ms_load_new":0.17,"ms_hl_old":0.23,"ms_hl_new":0.12,"ms_validate":0.02,"ms_emit":0.03}'
2026-08-10 04:52:06.909 +00:00 [INF] tig-syntax·process: SECTION '{"path":"include/tig/draw.h","outcome":"highlighted","bytes":424,"lines":10,"out_bytes":549,"ms_total":8.58,"ms_textconv":7.17,"ms_load_old":0.55,"ms_load_new":0.23,"ms_hl_old":0.33,"ms_hl_new":0.16,"ms_validate":0.03,"ms_emit":0.07}'
2026-08-10 04:52:06.922 +00:00 [INF] tig-syntax·process: SECTION '{"path":"include/tig/git.h","outcome":"highlighted","bytes":420,"lines":10,"out_bytes":545,"ms_total":11.24,"ms_textconv":9.39,"ms_load_old":0.6,"ms_load_new":0.48,"ms_hl_old":0.39,"ms_hl_new":0.25,"ms_validate":0.03,"ms_emit":0.05}'
2026-08-10 04:52:06.936 +00:00 [INF] tig-syntax·process: SECTION '{"path":"include/tig/graph.h","outcome":"highlighted","bytes":428,"lines":10,"out_bytes":553,"ms_total":10.86,"ms_textconv":9.19,"ms_load_old":0.37,"ms_load_new":0.3,"ms_hl_old":0.39,"ms_hl_new":0.3,"ms_validate":0.04,"ms_emit":0.09}'
2026-08-10 04:52:06.949 +00:00 [INF] tig-syntax·process: SECTION '{"path":"include/tig/grep.h","outcome":"highlighted","bytes":424,"lines":10,"out_bytes":549,"ms_total":10.36,"ms_textconv":8.97,"ms_load_old":0.4,"ms_load_new":0.26,"ms_hl_old":0.4,"ms_hl_new":0.17,"ms_validate":0.02,"ms_emit":0.06}'
2026-08-10 04:52:06.962 +00:00 [INF] tig-syntax·process: SECTION '{"path":"include/tig/help.h","outcome":"highlighted","bytes":424,"lines":10,"out_bytes":549,"ms_total":10.99,"ms_textconv":8.88,"ms_load_old":0.68,"ms_load_new":0.5,"ms_hl_old":0.45,"ms_hl_new":0.27,"ms_validate":0.05,"ms_emit":0.08}'
2026-08-10 04:52:06.976 +00:00 [INF] tig-syntax·process: SECTION '{"path":"include/tig/io.h","outcome":"highlighted","bytes":416,"lines":10,"out_bytes":541,"ms_total":11.59,"ms_textconv":9.73,"ms_load_old":0.57,"ms_load_new":0.48,"ms_hl_old":0.4,"ms_hl_new":0.24,"ms_validate":0.03,"ms_emit":0.05}'
2026-08-10 04:52:06.990 +00:00 [INF] tig-syntax·process: SECTION '{"path":"include/tig/keys.h","outcome":"highlighted","bytes":424,"lines":10,"out_bytes":549,"ms_total":10.6,"ms_textconv":8.92,"ms_load_old":0.52,"ms_load_new":0.37,"ms_hl_old":0.38,"ms_hl_new":0.17,"ms_validate":0.02,"ms_emit":0.13}'
2026-08-10 04:52:07.004 +00:00 [INF] tig-syntax·process: SECTION '{"path":"include/tig/line.h","outcome":"highlighted","bytes":424,"lines":10,"out_bytes":549,"ms_total":11.33,"ms_textconv":9.13,"ms_load_old":0.72,"ms_load_new":0.76,"ms_hl_old":0.41,"ms_hl_new":0.17,"ms_validate":0.03,"ms_emit":0.05}'
2026-08-10 04:52:07.016 +00:00 [INF] tig-syntax·process: SECTION '{"path":"include/tig/log.h","outcome":"highlighted","bytes":420,"lines":10,"out_bytes":545,"ms_total":10.02,"ms_textconv":8.66,"ms_load_old":0.47,"ms_load_new":0.22,"ms_hl_old":0.37,"ms_hl_new":0.16,"ms_validate":0.02,"ms_emit":0.05}'
2026-08-10 04:52:07.030 +00:00 [INF] tig-syntax·process: SECTION '{"path":"include/tig/main.h","outcome":"highlighted","bytes":424,"lines":10,"out_bytes":549,"ms_total":11.07,"ms_textconv":9.05,"ms_load_old":0.67,"ms_load_new":0.42,"ms_hl_old":0.45,"ms_hl_new":0.28,"ms_validate":0.04,"ms_emit":0.07}'
2026-08-10 04:52:07.043 +00:00 [INF] tig-syntax·process: SECTION '{"path":"include/tig/map.h","outcome":"highlighted","bytes":420,"lines":10,"out_bytes":545,"ms_total":10.04,"ms_textconv":8.21,"ms_load_old":0.49,"ms_load_new":0.63,"ms_hl_old":0.38,"ms_hl_new":0.16,"ms_validate":0.02,"ms_emit":0.07}'
2026-08-10 04:52:07.059 +00:00 [INF] tig-syntax·process: SECTION '{"path":"include/tig/options.h","outcome":"highlighted","bytes":436,"lines":10,"out_bytes":561,"ms_total":13.18,"ms_textconv":10.11,"ms_load_old":1.1,"ms_load_new":0.79,"ms_hl_old":0.59,"ms_hl_new":0.39,"ms_validate":0.04,"ms_emit":0.08}'
2026-08-10 04:52:07.070 +00:00 [INF] tig-syntax·process: SECTION '{"path":"include/tig/pager.h","outcome":"highlighted","bytes":428,"lines":10,"out_bytes":553,"ms_total":8.32,"ms_textconv":6.53,"ms_load_old":0.52,"ms_load_new":0.48,"ms_hl_old":0.39,"ms_hl_new":0.21,"ms_validate":0.03,"ms_emit":0.06}'
2026-08-10 04:52:07.082 +00:00 [INF] tig-syntax·process: SECTION '{"path":"include/tig/parse.h","outcome":"highlighted","bytes":428,"lines":10,"out_bytes":553,"ms_total":9.86,"ms_textconv":8.18,"ms_load_old":0.53,"ms_load_new":0.46,"ms_hl_old":0.36,"ms_hl_new":0.19,"ms_validate":0.02,"ms_emit":0.05}'
2026-08-10 04:52:07.094 +00:00 [INF] tig-syntax·process: SECTION '{"path":"include/tig/prompt.h","outcome":"highlighted","bytes":432,"lines":10,"out_bytes":557,"ms_total":9.48,"ms_textconv":8.11,"ms_load_old":0.36,"ms_load_new":0.23,"ms_hl_old":0.35,"ms_hl_new":0.29,"ms_validate":0.02,"ms_emit":0.06}'
2026-08-10 04:52:07.107 +00:00 [INF] tig-syntax·process: SECTION '{"path":"include/tig/refdb.h","outcome":"highlighted","bytes":428,"lines":10,"out_bytes":553,"ms_total":10.33,"ms_textconv":8.83,"ms_load_old":0.5,"ms_load_new":0.19,"ms_hl_old":0.47,"ms_hl_new":0.2,"ms_validate":0.03,"ms_emit":0.05}'
2026-08-10 04:52:07.121 +00:00 [INF] tig-syntax·process: SECTION '{"path":"include/tig/reflog.h","outcome":"highlighted","bytes":432,"lines":10,"out_bytes":557,"ms_total":11.55,"ms_textconv":9.18,"ms_load_old":0.84,"ms_load_new":0.47,"ms_hl_old":0.59,"ms_hl_new":0.22,"ms_validate":0.11,"ms_emit":0.07}'
2026-08-10 04:52:07.135 +00:00 [INF] tig-syntax·process: SECTION '{"path":"include/tig/refs.h","outcome":"highlighted","bytes":424,"lines":10,"out_bytes":549,"ms_total":11.23,"ms_textconv":9.03,"ms_load_old":0.62,"ms_load_new":0.51,"ms_hl_old":0.65,"ms_hl_new":0.26,"ms_validate":0.03,"ms_emit":0.06}'
2026-08-10 04:52:07.148 +00:00 [INF] tig-syntax·process: SECTION '{"path":"include/tig/repo.h","outcome":"highlighted","bytes":424,"lines":10,"out_bytes":549,"ms_total":10.65,"ms_textconv":8.76,"ms_load_old":0.67,"ms_load_new":0.41,"ms_hl_old":0.41,"ms_hl_new":0.24,"ms_validate":0.03,"ms_emit":0.06}'
2026-08-10 04:52:07.156 +00:00 [INF] tig-syntax·process: SECTION '{"path":"include/tig/request.h","outcome":"highlighted","bytes":436,"lines":10,"out_bytes":561,"ms_total":5.72,"ms_textconv":4.55,"ms_load_old":0.39,"ms_load_new":0.3,"ms_hl_old":0.23,"ms_hl_new":0.15,"ms_validate":0.02,"ms_emit":0.03}'
2026-08-10 04:52:07.163 +00:00 [INF] tig-syntax·process: SECTION '{"path":"include/tig/search.h","outcome":"highlighted","bytes":432,"lines":10,"out_bytes":557,"ms_total":5,"ms_textconv":4,"ms_load_old":0.37,"ms_load_new":0.19,"ms_hl_old":0.22,"ms_hl_new":0.15,"ms_validate":0.02,"ms_emit":0.03}'
2026-08-10 04:52:07.169 +00:00 [INF] tig-syntax·process: SECTION '{"path":"include/tig/stage.h","outcome":"highlighted","bytes":428,"lines":10,"out_bytes":553,"ms_total":5.2,"ms_textconv":4.63,"ms_load_old":0.16,"ms_load_new":0.16,"ms_hl_old":0.14,"ms_hl_new":0.06,"ms_validate":0.01,"ms_emit":0.02}'
2026-08-10 04:52:07.176 +00:00 [INF] tig-syntax·process: SECTION '{"path":"include/tig/stash.h","outcome":"highlighted","bytes":428,"lines":10,"out_bytes":553,"ms_total":5,"ms_textconv":4.05,"ms_load_old":0.3,"ms_load_new":0.25,"ms_hl_old":0.22,"ms_hl_new":0.1,"ms_validate":0.01,"ms_emit":0.03}'
2026-08-10 04:52:07.189 +00:00 [INF] tig-syntax·process: SECTION '{"path":"include/tig/status.h","outcome":"highlighted","bytes":432,"lines":10,"out_bytes":557,"ms_total":10.69,"ms_textconv":8.24,"ms_load_old":0.72,"ms_load_new":0.62,"ms_hl_old":0.64,"ms_hl_new":0.33,"ms_validate":0.03,"ms_emit":0.06}'
2026-08-10 04:52:07.202 +00:00 [INF] tig-syntax·process: SECTION '{"path":"include/tig/string.h","outcome":"highlighted","bytes":432,"lines":10,"out_bytes":557,"ms_total":11.32,"ms_textconv":9.04,"ms_load_old":0.7,"ms_load_new":0.64,"ms_hl_old":0.46,"ms_hl_new":0.29,"ms_validate":0.03,"ms_emit":0.07}'
2026-08-10 04:52:07.216 +00:00 [INF] tig-syntax·process: SECTION '{"path":"include/tig/tig.h","outcome":"highlighted","bytes":420,"lines":10,"out_bytes":545,"ms_total":11.11,"ms_textconv":9.16,"ms_load_old":0.73,"ms_load_new":0.55,"ms_hl_old":0.35,"ms_hl_new":0.17,"ms_validate":0.02,"ms_emit":0.05}'
2026-08-10 04:52:07.229 +00:00 [INF] tig-syntax·process: SECTION '{"path":"include/tig/tree.h","outcome":"highlighted","bytes":424,"lines":10,"out_bytes":549,"ms_total":11.13,"ms_textconv":8.85,"ms_load_old":0.74,"ms_load_new":0.43,"ms_hl_old":0.54,"ms_hl_new":0.26,"ms_validate":0.04,"ms_emit":0.19}'
2026-08-10 04:52:07.244 +00:00 [INF] tig-syntax·process: SECTION '{"path":"include/tig/types.h","outcome":"highlighted","bytes":428,"lines":10,"out_bytes":553,"ms_total":12.44,"ms_textconv":9.9,"ms_load_old":0.79,"ms_load_new":0.8,"ms_hl_old":0.48,"ms_hl_new":0.29,"ms_validate":0.04,"ms_emit":0.05}'
2026-08-10 04:52:07.259 +00:00 [INF] tig-syntax·process: SECTION '{"path":"include/tig/ui.h","outcome":"highlighted","bytes":416,"lines":10,"out_bytes":541,"ms_total":11.99,"ms_textconv":9.55,"ms_load_old":0.63,"ms_load_new":0.53,"ms_hl_old":0.69,"ms_hl_new":0.42,"ms_validate":0.04,"ms_emit":0.05}'
2026-08-10 04:52:07.272 +00:00 [INF] tig-syntax·process: SECTION '{"path":"include/tig/util.h","outcome":"highlighted","bytes":424,"lines":10,"out_bytes":549,"ms_total":10.43,"ms_textconv":8.24,"ms_load_old":0.77,"ms_load_new":0.51,"ms_hl_old":0.44,"ms_hl_new":0.31,"ms_validate":0.04,"ms_emit":0.06}'
2026-08-10 04:52:07.287 +00:00 [INF] tig-syntax·process: SECTION '{"path":"include/tig/view.h","outcome":"highlighted","bytes":424,"lines":10,"out_bytes":549,"ms_total":12.07,"ms_textconv":9.66,"ms_load_old":0.77,"ms_load_new":0.66,"ms_hl_old":0.5,"ms_hl_new":0.3,"ms_validate":0.04,"ms_emit":0.06}'
2026-08-10 04:52:07.301 +00:00 [INF] tig-syntax·process: SECTION '{"path":"include/tig/watch.h","outcome":"highlighted","bytes":428,"lines":10,"out_bytes":553,"ms_total":11.64,"ms_textconv":9.48,"ms_load_old":0.69,"ms_load_new":0.38,"ms_hl_old":0.61,"ms_hl_new":0.31,"ms_validate":0.03,"ms_emit":0.05}'
2026-08-10 04:52:07.314 +00:00 [INF] tig-syntax·process: SECTION '{"path":"src/apps.c","outcome":"highlighted","bytes":392,"lines":10,"out_bytes":517,"ms_total":11.05,"ms_textconv":8.84,"ms_load_old":0.67,"ms_load_new":0.62,"ms_hl_old":0.46,"ms_hl_new":0.27,"ms_validate":0.04,"ms_emit":0.05}'
2026-08-10 04:52:07.329 +00:00 [INF] tig-syntax·process: SECTION '{"path":"src/argv.c","outcome":"highlighted","bytes":392,"lines":10,"out_bytes":517,"ms_total":11.94,"ms_textconv":9.74,"ms_load_old":0.75,"ms_load_new":0.47,"ms_hl_old":0.5,"ms_hl_new":0.31,"ms_validate":0.04,"ms_emit":0.05}'
2026-08-10 04:52:07.342 +00:00 [INF] tig-syntax·process: SECTION '{"path":"src/blame.c","outcome":"highlighted","bytes":396,"lines":10,"out_bytes":521,"ms_total":10.64,"ms_textconv":8.35,"ms_load_old":0.84,"ms_load_new":0.53,"ms_hl_old":0.46,"ms_hl_new":0.3,"ms_validate":0.04,"ms_emit":0.05}'
2026-08-10 04:52:07.355 +00:00 [INF] tig-syntax·process: SECTION '{"path":"src/blob.c","outcome":"highlighted","bytes":392,"lines":10,"out_bytes":517,"ms_total":10.24,"ms_textconv":8.73,"ms_load_old":0.62,"ms_load_new":0.23,"ms_hl_old":0.36,"ms_hl_new":0.17,"ms_validate":0.02,"ms_emit":0.04}'
2026-08-10 04:52:07.368 +00:00 [INF] tig-syntax·process: SECTION '{"path":"src/diff.c","outcome":"highlighted","bytes":392,"lines":10,"out_bytes":517,"ms_total":11.2,"ms_textconv":8.85,"ms_load_old":0.99,"ms_load_new":0.57,"ms_hl_old":0.41,"ms_hl_new":0.24,"ms_validate":0.02,"ms_emit":0.06}'
2026-08-10 04:52:07.382 +00:00 [INF] tig-syntax·process: SECTION '{"path":"src/display.c","outcome":"highlighted","bytes":404,"lines":10,"out_bytes":529,"ms_total":12.19,"ms_textconv":8.82,"ms_load_old":1.19,"ms_load_new":0.7,"ms_hl_old":0.62,"ms_hl_new":0.49,"ms_validate":0.19,"ms_emit":0.11}'
2026-08-10 04:52:07.396 +00:00 [INF] tig-syntax·process: SECTION '{"path":"src/draw.c","outcome":"highlighted","bytes":392,"lines":10,"out_bytes":517,"ms_total":10.62,"ms_textconv":8.38,"ms_load_old":0.8,"ms_load_new":0.54,"ms_hl_old":0.48,"ms_hl_new":0.25,"ms_validate":0.02,"ms_emit":0.04}'
2026-08-10 04:52:07.409 +00:00 [INF] tig-syntax·process: SECTION '{"path":"src/graph-v1.c","outcome":"highlighted","bytes":408,"lines":10,"out_bytes":533,"ms_total":10.78,"ms_textconv":8.93,"ms_load_old":0.7,"ms_load_new":0.39,"ms_hl_old":0.4,"ms_hl_new":0.22,"ms_validate":0.02,"ms_emit":0.05}'
2026-08-10 04:52:07.422 +00:00 [INF] tig-syntax·process: SECTION '{"path":"src/graph-v2.c","outcome":"highlighted","bytes":408,"lines":10,"out_bytes":533,"ms_total":11.17,"ms_textconv":8.42,"ms_load_old":1.18,"ms_load_new":0.63,"ms_hl_old":0.51,"ms_hl_new":0.29,"ms_validate":0.02,"ms_emit":0.04}'
2026-08-10 04:52:07.435 +00:00 [INF] tig-syntax·process: SECTION '{"path":"src/graph.c","outcome":"highlighted","bytes":396,"lines":10,"out_bytes":521,"ms_total":10.73,"ms_textconv":8.86,"ms_load_old":0.52,"ms_load_new":0.48,"ms_hl_old":0.43,"ms_hl_new":0.32,"ms_validate":0.03,"ms_emit":0.04}'
2026-08-10 04:52:07.444 +00:00 [INF] tig-syntax·process: SECTION '{"path":"src/grep.c","outcome":"highlighted","bytes":392,"lines":10,"out_bytes":517,"ms_total":6,"ms_textconv":4.88,"ms_load_old":0.49,"ms_load_new":0.39,"ms_hl_old":0.12,"ms_hl_new":0.05,"ms_validate":0.01,"ms_emit":0.01}'
2026-08-10 04:52:07.450 +00:00 [INF] tig-syntax·process: SECTION '{"path":"src/help.c","outcome":"highlighted","bytes":392,"lines":10,"out_bytes":517,"ms_total":4.3,"ms_textconv":3.73,"ms_load_old":0.21,"ms_load_new":0.15,"ms_hl_old":0.13,"ms_hl_new":0.05,"ms_validate":0.01,"ms_emit":0.01}'
2026-08-10 04:52:07.457 +00:00 [INF] tig-syntax·process: SECTION '{"path":"src/io.c","outcome":"highlighted","bytes":384,"lines":10,"out_bytes":509,"ms_total":5.43,"ms_textconv":4.02,"ms_load_old":0.53,"ms_load_new":0.37,"ms_hl_old":0.27,"ms_hl_new":0.17,"ms_validate":0.02,"ms_emit":0.03}'
2026-08-10 04:52:07.469 +00:00 [INF] tig-syntax·process: SECTION '{"path":"src/keys.c","outcome":"highlighted","bytes":392,"lines":10,"out_bytes":517,"ms_total":8.98,"ms_textconv":7.07,"ms_load_old":0.81,"ms_load_new":0.53,"ms_hl_old":0.31,"ms_hl_new":0.16,"ms_validate":0.02,"ms_emit":0.03}'
2026-08-10 04:52:07.472 +00:00 [INF] tig-syntax·process: SECTION '{"path":"src/line.c","outcome":"highlighted","bytes":392,"lines":10,"out_bytes":517,"ms_total":1.32,"ms_textconv":0.01,"ms_load_old":0.55,"ms_load_new":0.24,"ms_hl_old":0.26,"ms_hl_new":0.16,"ms_validate":0.02,"ms_emit":0.03}'
2026-08-10 04:52:07.485 +00:00 [INF] tig-syntax·process: SECTION '{"path":"src/log.c","outcome":"highlighted","bytes":388,"lines":10,"out_bytes":513,"ms_total":10.99,"ms_textconv":9.3,"ms_load_old":0.5,"ms_load_new":0.43,"ms_hl_old":0.42,"ms_hl_new":0.2,"ms_validate":0.02,"ms_emit":0.06}'
2026-08-10 04:52:07.500 +00:00 [INF] tig-syntax·process: SECTION '{"path":"src/main.c","outcome":"highlighted","bytes":392,"lines":10,"out_bytes":517,"ms_total":12.56,"ms_textconv":9.76,"ms_load_old":1.26,"ms_load_new":0.68,"ms_hl_old":0.46,"ms_hl_new":0.27,"ms_validate":0.02,"ms_emit":0.05}'
2026-08-10 04:52:07.515 +00:00 [INF] tig-syntax·process: SECTION '{"path":"src/map.c","outcome":"highlighted","bytes":388,"lines":10,"out_bytes":513,"ms_total":12.1,"ms_textconv":9.53,"ms_load_old":0.78,"ms_load_new":0.99,"ms_hl_old":0.41,"ms_hl_new":0.18,"ms_validate":0.03,"ms_emit":0.08}'
2026-08-10 04:52:07.530 +00:00 [INF] tig-syntax·process: SECTION '{"path":"src/options.c","outcome":"highlighted","bytes":404,"lines":10,"out_bytes":529,"ms_total":11.79,"ms_textconv":8.54,"ms_load_old":1.3,"ms_load_new":0.8,"ms_hl_old":0.63,"ms_hl_new":0.37,"ms_validate":0.03,"ms_emit":0.05}'
2026-08-10 04:52:07.543 +00:00 [INF] tig-syntax·process: SECTION '{"path":"src/pager.c","outcome":"highlighted","bytes":396,"lines":10,"out_bytes":521,"ms_total":10.44,"ms_textconv":8.92,"ms_load_old":0.57,"ms_load_new":0.26,"ms_hl_old":0.39,"ms_hl_new":0.18,"ms_validate":0.02,"ms_emit":0.04}'
2026-08-10 04:52:07.557 +00:00 [INF] tig-syntax·process: SECTION '{"path":"src/parse.c","outcome":"highlighted","bytes":396,"lines":10,"out_bytes":521,"ms_total":11.09,"ms_textconv":8.99,"ms_load_old":0.81,"ms_load_new":0.55,"ms_hl_old":0.4,"ms_hl_new":0.19,"ms_validate":0.02,"ms_emit":0.05}'
2026-08-10 04:52:07.570 +00:00 [INF] tig-syntax·process: SECTION '{"path":"src/prompt.c","outcome":"highlighted","bytes":400,"lines":10,"out_bytes":525,"ms_total":10.69,"ms_textconv":8.3,"ms_load_old":0.88,"ms_load_new":0.61,"ms_hl_old":0.48,"ms_hl_new":0.29,"ms_validate":0.03,"ms_emit":0.04}'
2026-08-10 04:52:07.584 +00:00 [INF] tig-syntax·process: SECTION '{"path":"src/refdb.c","outcome":"highlighted","bytes":396,"lines":10,"out_bytes":521,"ms_total":11.44,"ms_textconv":9.73,"ms_load_old":0.59,"ms_load_new":0.36,"ms_hl_old":0.41,"ms_hl_new":0.22,"ms_validate":0.02,"ms_emit":0.04}'
2026-08-10 04:52:07.598 +00:00 [INF] tig-syntax·process: SECTION '{"path":"src/reflog.c","outcome":"highlighted","bytes":400,"lines":10,"out_bytes":525,"ms_total":11.85,"ms_textconv":9.5,"ms_load_old":0.88,"ms_load_new":0.76,"ms_hl_old":0.38,"ms_hl_new":0.16,"ms_validate":0.03,"ms_emit":0.06}'
2026-08-10 04:52:07.614 +00:00 [INF] tig-syntax·process: SECTION '{"path":"src/refs.c","outcome":"highlighted","bytes":392,"lines":10,"out_bytes":517,"ms_total":12.98,"ms_textconv":10.77,"ms_load_old":0.78,"ms_load_new":0.65,"ms_hl_old":0.42,"ms_hl_new":0.21,"ms_validate":0.03,"ms_emit":0.05}'
2026-08-10 04:52:07.630 +00:00 [INF] tig-syntax·process: SECTION '{"path":"src/repo.c","outcome":"highlighted","bytes":392,"lines":10,"out_bytes":517,"ms_total":13.46,"ms_textconv":8.28,"ms_load_old":0.57,"ms_load_new":4.01,"ms_hl_old":0.3,"ms_hl_new":0.16,"ms_validate":0.02,"ms_emit":0.03}'
2026-08-10 04:52:07.644 +00:00 [INF] tig-syntax·process: SECTION '{"path":"src/request.c","outcome":"highlighted","bytes":404,"lines":10,"out_bytes":529,"ms_total":11.55,"ms_textconv":9.49,"ms_load_old":0.66,"ms_load_new":0.5,"ms_hl_old":0.45,"ms_hl_new":0.3,"ms_validate":0.04,"ms_emit":0.06}'
2026-08-10 04:52:07.659 +00:00 [INF] tig-syntax·process: SECTION '{"path":"src/search.c","outcome":"highlighted","bytes":400,"lines":10,"out_bytes":525,"ms_total":12.52,"ms_textconv":10.02,"ms_load_old":0.89,"ms_load_new":0.55,"ms_hl_old":0.46,"ms_hl_new":0.41,"ms_validate":0.05,"ms_emit":0.06}'
2026-08-10 04:52:07.673 +00:00 [INF] tig-syntax·process: SECTION '{"path":"src/stage.c","outcome":"highlighted","bytes":396,"lines":10,"out_bytes":521,"ms_total":10.92,"ms_textconv":8.99,"ms_load_old":0.77,"ms_load_new":0.43,"ms_hl_old":0.37,"ms_hl_new":0.2,"ms_validate":0.04,"ms_emit":0.04}'
2026-08-10 04:52:07.688 +00:00 [INF] tig-syntax·process: SECTION '{"path":"src/stash.c","outcome":"highlighted","bytes":396,"lines":10,"out_bytes":521,"ms_total":12.15,"ms_textconv":9.88,"ms_load_old":0.82,"ms_load_new":0.51,"ms_hl_old":0.52,"ms_hl_new":0.26,"ms_validate":0.04,"ms_emit":0.06}'
2026-08-10 04:52:07.704 +00:00 [INF] tig-syntax·process: SECTION '{"path":"src/status.c","outcome":"highlighted","bytes":400,"lines":10,"out_bytes":525,"ms_total":13.32,"ms_textconv":10.17,"ms_load_old":1.07,"ms_load_new":1.18,"ms_hl_old":0.47,"ms_hl_new":0.27,"ms_validate":0.03,"ms_emit":0.05}'
2026-08-10 04:52:07.718 +00:00 [INF] tig-syntax·process: SECTION '{"path":"src/string.c","outcome":"highlighted","bytes":400,"lines":10,"out_bytes":525,"ms_total":11.02,"ms_textconv":8.88,"ms_load_old":0.9,"ms_load_new":0.59,"ms_hl_old":0.34,"ms_hl_new":0.19,"ms_validate":0.02,"ms_emit":0.04}'
2026-08-10 04:52:07.728 +00:00 [INF] tig-syntax·process: SECTION '{"path":"src/tig.c","outcome":"highlighted","bytes":388,"lines":10,"out_bytes":513,"ms_total":7.54,"ms_textconv":6.21,"ms_load_old":0.51,"ms_load_new":0.33,"ms_hl_old":0.24,"ms_hl_new":0.16,"ms_validate":0.02,"ms_emit":0.02}'
2026-08-10 04:52:07.737 +00:00 [INF] tig-syntax·process: SECTION '{"path":"src/tree.c","outcome":"highlighted","bytes":392,"lines":10,"out_bytes":517,"ms_total":6.57,"ms_textconv":5.39,"ms_load_old":0.46,"ms_load_new":0.27,"ms_hl_old":0.24,"ms_hl_new":0.14,"ms_validate":0.02,"ms_emit":0.02}'
2026-08-10 04:52:07.744 +00:00 [INF] tig-syntax·process: SECTION '{"path":"src/types.c","outcome":"highlighted","bytes":396,"lines":10,"out_bytes":521,"ms_total":5.94,"ms_textconv":4.85,"ms_load_old":0.36,"ms_load_new":0.24,"ms_hl_old":0.27,"ms_hl_new":0.14,"ms_validate":0.02,"ms_emit":0.03}'
2026-08-10 04:52:07.757 +00:00 [INF] tig-syntax·process: SECTION '{"path":"src/ui.c","outcome":"highlighted","bytes":384,"lines":10,"out_bytes":509,"ms_total":9.82,"ms_textconv":7.63,"ms_load_old":0.77,"ms_load_new":0.51,"ms_hl_old":0.47,"ms_hl_new":0.29,"ms_validate":0.04,"ms_emit":0.05}'
2026-08-10 04:52:07.771 +00:00 [INF] tig-syntax·process: SECTION '{"path":"src/util.c","outcome":"highlighted","bytes":392,"lines":10,"out_bytes":517,"ms_total":11.35,"ms_textconv":9.29,"ms_load_old":0.86,"ms_load_new":0.54,"ms_hl_old":0.36,"ms_hl_new":0.17,"ms_validate":0.02,"ms_emit":0.04}'
2026-08-10 04:52:07.785 +00:00 [INF] tig-syntax·process: SECTION '{"path":"src/view.c","outcome":"highlighted","bytes":392,"lines":10,"out_bytes":517,"ms_total":11.53,"ms_textconv":8.58,"ms_load_old":1.09,"ms_load_new":1,"ms_hl_old":0.45,"ms_hl_new":0.27,"ms_validate":0.02,"ms_emit":0.06}'
2026-08-10 04:52:07.798 +00:00 [INF] tig-syntax·process: SECTION '{"path":"src/watch.c","outcome":"highlighted","bytes":396,"lines":10,"out_bytes":521,"ms_total":10.92,"ms_textconv":8.87,"ms_load_old":0.73,"ms_load_new":0.46,"ms_hl_old":0.45,"ms_hl_new":0.25,"ms_validate":0.03,"ms_emit":0.06}'
2026-08-10 04:52:07.812 +00:00 [INF] tig-syntax·process: SECTION '{"path":"test/tools/libgit.sh","outcome":"highlighted","bytes":454,"lines":13,"out_bytes":654,"ms_total":12.04,"ms_textconv":9.31,"ms_load_old":0.62,"ms_load_new":0.5,"ms_hl_old":0.93,"ms_hl_new":0.51,"ms_validate":0.04,"ms_emit":0.07}'
2026-08-10 04:52:07.826 +00:00 [INF] tig-syntax·process: SECTION '{"path":"test/tools/libtest.sh","outcome":"highlighted","bytes":464,"lines":13,"out_bytes":664,"ms_total":11.51,"ms_textconv":8.2,"ms_load_old":1.02,"ms_load_new":0.71,"ms_hl_old":0.82,"ms_hl_new":0.59,"ms_validate":0.04,"ms_emit":0.06}'
2026-08-10 04:52:07.842 +00:00 [INF] tig-syntax·process: SECTION '{"path":"test/tools/show-results.sh","outcome":"highlighted","bytes":494,"lines":13,"out_bytes":694,"ms_total":12.41,"ms_textconv":9.84,"ms_load_old":0.61,"ms_load_new":0.41,"ms_hl_old":0.79,"ms_hl_new":0.57,"ms_validate":0.04,"ms_emit":0.06}'
2026-08-10 04:52:07.855 +00:00 [INF] tig-syntax·process: SECTION '{"path":"test/tools/test-graph.c","outcome":"highlighted","bytes":444,"lines":10,"out_bytes":569,"ms_total":10.61,"ms_textconv":9.2,"ms_load_old":0.51,"ms_load_new":0.33,"ms_hl_old":0.28,"ms_hl_new":0.14,"ms_validate":0.02,"ms_emit":0.04}'
2026-08-10 04:52:07.869 +00:00 [INF] tig-syntax·process: SECTION '{"path":"tools/announcement.sh","outcome":"highlighted","bytes":519,"lines":13,"out_bytes":719,"ms_total":11.99,"ms_textconv":9.27,"ms_load_old":0.7,"ms_load_new":0.39,"ms_hl_old":0.99,"ms_hl_new":0.44,"ms_validate":0.07,"ms_emit":0.07}'
2026-08-10 04:52:07.882 +00:00 [INF] tig-syntax·process: SECTION '{"path":"tools/doc-gen.c","outcome":"highlighted","bytes":412,"lines":10,"out_bytes":537,"ms_total":9.55,"ms_textconv":8.13,"ms_load_old":0.47,"ms_load_new":0.44,"ms_hl_old":0.26,"ms_hl_new":0.13,"ms_validate":0.02,"ms_emit":0.03}'
2026-08-10 04:52:07.895 +00:00 [INF] tig-syntax·process: SECTION '{"path":"tools/header.h","outcome":"highlighted","bytes":408,"lines":10,"out_bytes":533,"ms_total":10.99,"ms_textconv":9.04,"ms_load_old":0.68,"ms_load_new":0.45,"ms_hl_old":0.44,"ms_hl_new":0.24,"ms_validate":0.04,"ms_emit":0.06}'
2026-08-10 04:52:07.909 +00:00 [INF] tig-syntax·process: SECTION '{"path":"tools/install.sh","outcome":"highlighted","bytes":450,"lines":13,"out_bytes":650,"ms_total":11.82,"ms_textconv":9.58,"ms_load_old":0.57,"ms_load_new":0.44,"ms_hl_old":0.65,"ms_hl_new":0.4,"ms_validate":0.03,"ms_emit":0.06}'
2026-08-10 04:52:07.921 +00:00 [INF] tig-syntax·process: SECTION '{"path":"tools/make-builtin-config.sh","outcome":"highlighted","bytes":493,"lines":13,"out_bytes":693,"ms_total":10.12,"ms_textconv":8.18,"ms_load_old":0.49,"ms_load_new":0.3,"ms_hl_old":0.58,"ms_hl_new":0.41,"ms_validate":0.03,"ms_emit":0.07}'
2026-08-10 04:52:07.934 +00:00 [INF] tig-syntax·process: SECTION '{"path":"tools/release.sh","outcome":"highlighted","bytes":501,"lines":13,"out_bytes":701,"ms_total":9.69,"ms_textconv":8.03,"ms_load_old":0.4,"ms_load_new":0.19,"ms_hl_old":0.58,"ms_hl_new":0.36,"ms_validate":0.03,"ms_emit":0.05}'
2026-08-10 04:52:07.947 +00:00 [INF] tig-syntax·process: SECTION '{"path":"tools/uninstall.sh","outcome":"highlighted","bytes":443,"lines":13,"out_bytes":643,"ms_total":10.62,"ms_textconv":8.64,"ms_load_old":0.5,"ms_load_new":0.34,"ms_hl_old":0.54,"ms_hl_new":0.38,"ms_validate":0.03,"ms_emit":0.13}'
2026-08-10 04:52:07.988 +00:00 [INF] tig-syntax·process: SECTION '{"path":"tools/tig-syntax-filter/.gitignore","outcome":"highlighted","bytes":215,"lines":7,"out_bytes":240,"ms_total":18.6,"ms_textconv":12.73,"ms_load_old":0.01,"ms_load_new":5.37,"ms_hl_old":0,"ms_hl_new":0.4,"ms_validate":0.01,"ms_emit":0.02}'
2026-08-10 04:52:07.997 +00:00 [INF] tig-syntax·process: SECTION '{"path":"tools/tig-syntax-filter/bin/.gitignore","outcome":"highlighted","bytes":231,"lines":7,"out_bytes":256,"ms_total":6.61,"ms_textconv":6.07,"ms_load_old":0,"ms_load_new":0.34,"ms_hl_old":0,"ms_hl_new":0.12,"ms_validate":0.01,"ms_emit":0.02}'
2026-08-10 04:52:08.010 +00:00 [INF] tig-syntax·process: SECTION '{"path":"tools/tig-syntax-filter/bin/tig-syntax-daemon","outcome":"highlighted","bytes":492,"lines":12,"out_bytes":1021,"ms_total":10.85,"ms_textconv":5.14,"ms_load_old":0,"ms_load_new":0.51,"ms_hl_old":0,"ms_hl_new":5.11,"ms_validate":0.02,"ms_emit":0.03}'
2026-08-10 04:52:08.020 +00:00 [INF] tig-syntax·process: SECTION '{"path":"tools/tig-syntax-filter/client/Makefile","outcome":"highlighted","bytes":415,"lines":16,"out_bytes":1001,"ms_total":8.63,"ms_textconv":4.88,"ms_load_old":0,"ms_load_new":2.75,"ms_hl_old":0,"ms_hl_new":0.94,"ms_validate":0.01,"ms_emit":0.02}'
2026-08-10 04:52:08.048 +00:00 [INF] tig-syntax·process: SECTION '{"path":"tools/tig-syntax-filter/client/tig-syntax-filter.c","outcome":"highlighted","bytes":10418,"lines":435,"out_bytes":57085,"ms_total":25.64,"ms_textconv":4.36,"ms_load_old":0,"ms_load_new":0.22,"ms_hl_old":0,"ms_hl_new":20.27,"ms_validate":0.19,"ms_emit":0.53}'
2026-08-10 04:52:08.061 +00:00 [INF] tig-syntax·process: SECTION '{"path":"tools/tig-syntax-filter/package.json","outcome":"highlighted","bytes":854,"lines":36,"out_bytes":3764,"ms_total":11.28,"ms_textconv":5.6,"ms_load_old":0.01,"ms_load_new":4.85,"ms_hl_old":0,"ms_hl_new":0.73,"ms_validate":0.02,"ms_emit":0.04}'
2026-08-10 04:52:08.113 +00:00 [INF] tig-syntax·process: SECTION '{"path":"tools/tig-syntax-filter/pnpm-lock.yaml","outcome":"highlighted","bytes":49414,"lines":1488,"out_bytes":182715,"ms_total":48.98,"ms_textconv":5.65,"ms_load_old":0.01,"ms_load_new":5.96,"ms_hl_old":0,"ms_hl_new":35.5,"ms_validate":0.38,"ms_emit":1.32}'
2026-08-10 04:52:08.226 +00:00 [INF] tig-syntax·process: SECTION '{"path":"tools/tig-syntax-filter/smoke.mjs","outcome":"highlighted","bytes":1529,"lines":31,"out_bytes":10037,"ms_total":110.79,"ms_textconv":6.12,"ms_load_old":0.01,"ms_load_new":6.19,"ms_hl_old":0,"ms_hl_new":98.37,"ms_validate":0.02,"ms_emit":0.05}'
2026-08-10 04:52:08.399 +00:00 [INF] tig-syntax·process: SECTION '{"path":"tools/tig-syntax-filter/src/daemon.ts","outcome":"highlighted","bytes":6508,"lines":209,"out_bytes":38029,"ms_total":166.88,"ms_textconv":3.65,"ms_load_old":0,"ms_load_new":3.69,"ms_hl_old":0,"ms_hl_new":159.22,"ms_validate":0.07,"ms_emit":0.21}'
2026-08-10 04:52:08.452 +00:00 [INF] tig-syntax·process: SECTION '{"path":"tools/tig-syntax-filter/src/diff_parser.ts","outcome":"highlighted","bytes":9337,"lines":308,"out_bytes":58727,"ms_total":47.71,"ms_textconv":3.86,"ms_load_old":0,"ms_load_new":0.19,"ms_hl_old":0,"ms_hl_new":43.22,"ms_validate":0.08,"ms_emit":0.34}'
2026-08-10 04:52:08.481 +00:00 [INF] tig-syntax·process: SECTION '{"path":"tools/tig-syntax-filter/src/git.ts","outcome":"highlighted","bytes":3729,"lines":117,"out_bytes":19871,"ms_total":27.08,"ms_textconv":5.97,"ms_load_old":0.01,"ms_load_new":0.61,"ms_hl_old":0,"ms_hl_new":20.28,"ms_validate":0.05,"ms_emit":0.15}'
2026-08-10 04:52:08.515 +00:00 [INF] tig-syntax·process: SECTION '{"path":"tools/tig-syntax-filter/src/highlight.ts","outcome":"highlighted","bytes":7399,"lines":223,"out_bytes":44352,"ms_total":32.09,"ms_textconv":4,"ms_load_old":0,"ms_load_new":0.53,"ms_hl_old":0,"ms_hl_new":27.18,"ms_validate":0.08,"ms_emit":0.27}'
2026-08-10 04:52:08.531 +00:00 [INF] tig-syntax·process: SECTION '{"path":"tools/tig-syntax-filter/src/lang_map.ts","outcome":"highlighted","bytes":3748,"lines":135,"out_bytes":25244,"ms_total":13.56,"ms_textconv":5.68,"ms_load_old":0,"ms_load_new":0.44,"ms_hl_old":0,"ms_hl_new":7.21,"ms_validate":0.05,"ms_emit":0.15}'
2026-08-10 04:52:08.554 +00:00 [INF] tig-syntax·process: SECTION '{"path":"tools/tig-syntax-filter/src/process.ts","outcome":"highlighted","bytes":7288,"lines":214,"out_bytes":41806,"ms_total":20.87,"ms_textconv":3.27,"ms_load_old":0,"ms_load_new":0.3,"ms_hl_old":0,"ms_hl_new":16.84,"ms_validate":0.18,"ms_emit":0.26}'
2026-08-10 04:52:08.564 +00:00 [INF] tig-syntax·process: SECTION '{"path":"tools/tig-syntax-filter/themes/one-monokai.LICENSE","outcome":"raw-fallback","bytes":1342,"lines":27,"out_bytes":1342,"ms_total":7.61,"ms_textconv":5.67,"ms_load_old":0.01,"ms_load_new":0.3}'
2026-08-10 04:52:08.586 +00:00 [INF] tig-syntax·process: SECTION '{"path":"tools/tig-syntax-filter/themes/one-monokai.json","outcome":"highlighted","bytes":15042,"lines":593,"out_bytes":61336,"ms_total":20.98,"ms_textconv":8.32,"ms_load_old":0.01,"ms_load_new":0.57,"ms_hl_old":0,"ms_hl_new":11.36,"ms_validate":0.21,"ms_emit":0.49}'
2026-08-10 04:52:08.647 +00:00 [INF] tig-syntax·process: SECTION '{"path":"tools/tig-syntax-filter/src/git.ts","outcome":"highlighted","bytes":3613,"lines":100,"out_bytes":20768,"ms_total":41.76,"ms_textconv":0.02,"ms_load_old":0.76,"ms_load_new":0.62,"ms_hl_old":30.26,"ms_hl_new":9.85,"ms_validate":0.05,"ms_emit":0.12}'
2026-08-10 04:52:08.661 +00:00 [INF] tig-syntax·process: SECTION '{"path":"tools/tig-syntax-filter/src/process.ts","outcome":"highlighted","bytes":2865,"lines":69,"out_bytes":12957,"ms_total":12.6,"ms_textconv":0.01,"ms_load_old":0.52,"ms_load_new":0.22,"ms_hl_old":5.23,"ms_hl_new":6.45,"ms_validate":0.03,"ms_emit":0.07}'
2026-08-10 04:52:08.721 +00:00 [INF] tig-syntax·process: SECTION '{"path":"README.md","outcome":"highlighted","bytes":939,"lines":26,"out_bytes":1667,"ms_total":48.54,"ms_textconv":5.48,"ms_load_old":0.47,"ms_load_new":7.74,"ms_hl_old":25.43,"ms_hl_new":9.33,"ms_validate":0.02,"ms_emit":0.03}'
2026-08-10 04:52:08.752 +00:00 [INF] tig-syntax·process: SECTION '{"path":"Makefile","outcome":"highlighted","bytes":1147,"lines":38,"out_bytes":3163,"ms_total":15.32,"ms_textconv":9.59,"ms_load_old":0.3,"ms_load_new":0.17,"ms_hl_old":3.07,"ms_hl_new":2.11,"ms_validate":0.02,"ms_emit":0.04}'
2026-08-10 04:52:08.784 +00:00 [INF] tig-syntax·process: SECTION '{"path":"NEWS.adoc","outcome":"highlighted","bytes":650,"lines":12,"out_bytes":825,"ms_total":30.45,"ms_textconv":6.05,"ms_load_old":0.69,"ms_load_new":0.43,"ms_hl_old":22.22,"ms_hl_new":1.02,"ms_validate":0.01,"ms_emit":0.01}'
2026-08-10 04:52:08.814 +00:00 [INF] tig-syntax·process: SECTION '{"path":"compat/ansidecl.h","outcome":"highlighted","bytes":11024,"lines":319,"out_bytes":32218,"ms_total":27.29,"ms_textconv":3.9,"ms_load_old":0,"ms_load_new":0.47,"ms_hl_old":0,"ms_hl_new":22.03,"ms_validate":0.3,"ms_emit":0.56}'
2026-08-10 04:52:08.817 +00:00 [INF] tig-syntax·process: SECTION '{"path":"compat/compat.h","outcome":"highlighted","bytes":303,"lines":12,"out_bytes":646,"ms_total":1.29,"ms_textconv":0.01,"ms_load_old":0.22,"ms_load_new":0.12,"ms_hl_old":0.49,"ms_hl_new":0.39,"ms_validate":0.02,"ms_emit":0.02}'
2026-08-10 04:52:08.880 +00:00 [INF] tig-syntax·process: SECTION '{"path":"compat/hashtab.c","outcome":"highlighted","bytes":30439,"lines":1007,"out_bytes":119195,"ms_total":61.12,"ms_textconv":8.2,"ms_load_old":0,"ms_load_new":0.73,"ms_hl_old":0,"ms_hl_new":50.42,"ms_validate":0.47,"ms_emit":1.21}'
2026-08-10 04:52:08.895 +00:00 [INF] tig-syntax·process: SECTION '{"path":"compat/hashtab.h","outcome":"highlighted","bytes":7764,"lines":215,"out_bytes":22536,"ms_total":13.32,"ms_textconv":5.64,"ms_load_old":0,"ms_load_new":0.29,"ms_hl_old":0,"ms_hl_new":7.15,"ms_validate":0.05,"ms_emit":0.15}'
2026-08-10 04:52:08.899 +00:00 [INF] tig-syntax·process: SECTION '{"path":"configure.ac","outcome":"raw-fallback","bytes":412,"lines":13,"out_bytes":412,"ms_total":1.74,"ms_textconv":0,"ms_load_old":0.18,"ms_load_new":0.11}'
2026-08-10 04:52:08.967 +00:00 [INF] tig-syntax·process: SECTION '{"path":"graph.c","outcome":"highlighted","bytes":24103,"lines":1067,"out_bytes":138943,"ms_total":67.01,"ms_textconv":4.67,"ms_load_old":0.59,"ms_load_new":0.59,"ms_hl_old":21.47,"ms_hl_new":38.17,"ms_validate":0.33,"ms_emit":1.15}'
2026-08-10 04:52:08.984 +00:00 [INF] tig-syntax·process: SECTION '{"path":"graph.h","outcome":"highlighted","bytes":1480,"lines":72,"out_bytes":7071,"ms_total":14.83,"ms_textconv":5.82,"ms_load_old":0.44,"ms_load_new":0.25,"ms_hl_old":3.48,"ms_hl_new":4.67,"ms_validate":0.08,"ms_emit":0.08}'
2026-08-10 04:52:08.994 +00:00 [INF] tig-syntax·process: SECTION '{"path":"test/test-graph-samples/10_shorter_merge_than_branch.in","outcome":"raw-fallback","bytes":684,"lines":28,"out_bytes":684,"ms_total":7.79,"ms_textconv":5.12,"ms_load_old":0.02,"ms_load_new":0.43}'
2026-08-10 04:52:09.009 +00:00 [INF] tig-syntax·process: SECTION '{"path":"test/test-graph-samples/10_shorter_merge_than_branch.out","outcome":"raw-fallback","bytes":791,"lines":17,"out_bytes":791,"ms_total":12.86,"ms_textconv":9.53,"ms_load_old":0.01,"ms_load_new":0.58}'
2026-08-10 04:52:09.024 +00:00 [INF] tig-syntax·process: SECTION '{"path":"test/test-graph-samples/11_new_branch_in_middle.in","outcome":"raw-fallback","bytes":593,"lines":24,"out_bytes":593,"ms_total":12.41,"ms_textconv":9.81,"ms_load_old":0,"ms_load_new":0.43}'
2026-08-10 04:52:09.039 +00:00 [INF] tig-syntax·process: SECTION '{"path":"test/test-graph-samples/11_new_branch_in_middle.out","outcome":"raw-fallback","bytes":587,"lines":15,"out_bytes":587,"ms_total":12.54,"ms_textconv":9.62,"ms_load_old":0.01,"ms_load_new":0.49}'
2026-08-10 04:52:09.052 +00:00 [INF] tig-syntax·process: SECTION '{"path":"test/test-graph-samples/12_cross_over_collapse.in","outcome":"raw-fallback","bytes":582,"lines":24,"out_bytes":582,"ms_total":11.02,"ms_textconv":8.48,"ms_load_old":0.01,"ms_load_new":0.38}'
2026-08-10 04:52:09.066 +00:00 [INF] tig-syntax·process: SECTION '{"path":"test/test-graph-samples/12_cross_over_collapse.out","outcome":"raw-fallback","bytes":568,"lines":15,"out_bytes":568,"ms_total":12.1,"ms_textconv":9.35,"ms_load_old":0.01,"ms_load_new":0.39}'
2026-08-10 04:52:09.081 +00:00 [INF] tig-syntax·process: SECTION '{"path":"test/test-graph-samples/13_collapse_parallel_branches_with_different_middle_branch.in","outcome":"raw-fallback","bytes":728,"lines":26,"out_bytes":728,"ms_total":12.01,"ms_textconv":9.09,"ms_load_old":0,"ms_load_new":0.35}'
2026-08-10 04:52:09.096 +00:00 [INF] tig-syntax·process: SECTION '{"path":"test/test-graph-samples/13_collapse_parallel_branches_with_different_middle_branch.out","outcome":"raw-fallback","bytes":783,"lines":16,"out_bytes":783,"ms_total":13.02,"ms_textconv":10.09,"ms_load_old":0.01,"ms_load_new":0.49}'
2026-08-10 04:52:09.111 +00:00 [INF] tig-syntax·process: SECTION '{"path":"test/test-graph-samples/14_long_collapse_line.in","outcome":"raw-fallback","bytes":1027,"lines":46,"out_bytes":1027,"ms_total":12.13,"ms_textconv":9.62,"ms_load_old":0.01,"ms_load_new":0.45}'
2026-08-10 04:52:09.118 +00:00 [INF] tig-syntax·process: SECTION '{"path":"test/test-graph-samples/14_long_collapse_line.out","outcome":"raw-fallback","bytes":1216,"lines":26,"out_bytes":1216,"ms_total":5.01,"ms_textconv":3.31,"ms_load_old":0,"ms_load_new":0.27}'
2026-08-10 04:52:09.125 +00:00 [INF] tig-syntax·process: SECTION '{"path":"test/test-graph-samples/15_non_commit_lines.in","outcome":"raw-fallback","bytes":734,"lines":32,"out_bytes":734,"ms_total":6.39,"ms_textconv":4.03,"ms_load_old":0.01,"ms_load_new":0.39}'
2026-08-10 04:52:09.134 +00:00 [INF] tig-syntax·process: SECTION '{"path":"test/test-graph-samples/15_non_commit_lines.out","outcome":"raw-fallback","bytes":725,"lines":21,"out_bytes":725,"ms_total":7.23,"ms_textconv":4.81,"ms_load_old":0,"ms_load_new":0.43}'
2026-08-10 04:52:09.147 +00:00 [INF] tig-syntax·process: SECTION '{"path":"test/test-graph-samples/1_merge_from_left.in","outcome":"raw-fallback","bytes":415,"lines":16,"out_bytes":415,"ms_total":11.05,"ms_textconv":8.37,"ms_load_old":0.01,"ms_load_new":0.4}'
2026-08-10 04:52:09.162 +00:00 [INF] tig-syntax·process: SECTION '{"path":"test/test-graph-samples/1_merge_from_left.out","outcome":"raw-fallback","bytes":397,"lines":11,"out_bytes":397,"ms_total":12.39,"ms_textconv":9.42,"ms_load_old":0.01,"ms_load_new":0.49}'
2026-08-10 04:52:09.176 +00:00 [INF] tig-syntax·process: SECTION '{"path":"test/test-graph-samples/2_duplicate_parent.in","outcome":"raw-fallback","bytes":576,"lines":24,"out_bytes":576,"ms_total":12.04,"ms_textconv":9.54,"ms_load_old":0.01,"ms_load_new":0.49}'
2026-08-10 04:52:09.190 +00:00 [INF] tig-syntax·process: SECTION '{"path":"test/test-graph-samples/2_duplicate_parent.out","outcome":"raw-fallback","bytes":546,"lines":15,"out_bytes":546,"ms_total":11.8,"ms_textconv":9.45,"ms_load_old":0,"ms_load_new":0.25}'
2026-08-10 04:52:09.204 +00:00 [INF] tig-syntax·process: SECTION '{"path":"test/test-graph-samples/3_octo_merge.in","outcome":"raw-fallback","bytes":406,"lines":16,"out_bytes":406,"ms_total":11.56,"ms_textconv":8.6,"ms_load_old":0.01,"ms_load_new":0.37}'
2026-08-10 04:52:09.218 +00:00 [INF] tig-syntax·process: SECTION '{"path":"test/test-graph-samples/3_octo_merge.out","outcome":"raw-fallback","bytes":410,"lines":11,"out_bytes":410,"ms_total":11.97,"ms_textconv":8.94,"ms_load_old":0.01,"ms_load_new":0.43}'
2026-08-10 04:52:09.233 +00:00 [INF] tig-syntax·process: SECTION '{"path":"test/test-graph-samples/4_missing_bar.in","outcome":"raw-fallback","bytes":479,"lines":20,"out_bytes":479,"ms_total":11.69,"ms_textconv":8.68,"ms_load_old":0.01,"ms_load_new":0.6}'
2026-08-10 04:52:09.247 +00:00 [INF] tig-syntax·process: SECTION '{"path":"test/test-graph-samples/4_missing_bar.out","outcome":"raw-fallback","bytes":475,"lines":13,"out_bytes":475,"ms_total":11.32,"ms_textconv":8.3,"ms_load_old":0.01,"ms_load_new":0.42}'
2026-08-10 04:52:09.262 +00:00 [INF] tig-syntax·process: SECTION '{"path":"test/test-graph-samples/5_extra_pipe.in","outcome":"raw-fallback","bytes":422,"lines":18,"out_bytes":422,"ms_total":12.75,"ms_textconv":9.85,"ms_load_old":0.01,"ms_load_new":0.55}'
2026-08-10 04:52:09.277 +00:00 [INF] tig-syntax·process: SECTION '{"path":"test/test-graph-samples/5_extra_pipe.out","outcome":"raw-fallback","bytes":394,"lines":12,"out_bytes":394,"ms_total":13.13,"ms_textconv":9.93,"ms_load_old":0.01,"ms_load_new":0.51}'
2026-08-10 04:52:09.293 +00:00 [INF] tig-syntax·process: SECTION '{"path":"test/test-graph-samples/6_extra_bars.in","outcome":"raw-fallback","bytes":2345,"lines":121,"out_bytes":2345,"ms_total":13.12,"ms_textconv":9.7,"ms_load_old":0.01,"ms_load_new":0.64}'
2026-08-10 04:52:09.307 +00:00 [INF] tig-syntax·process: SECTION '{"path":"test/test-graph-samples/6_extra_bars.out","outcome":"raw-fallback","bytes":2509,"lines":63,"out_bytes":2509,"ms_total":12.53,"ms_textconv":9.25,"ms_load_old":0.01,"ms_load_new":0.56}'
2026-08-10 04:52:09.323 +00:00 [INF] tig-syntax·process: SECTION '{"path":"test/test-graph-samples/7_multi_collapse.in","outcome":"raw-fallback","bytes":530,"lines":22,"out_bytes":530,"ms_total":12.69,"ms_textconv":9.82,"ms_load_old":0,"ms_load_new":0.25}'
2026-08-10 04:52:09.337 +00:00 [INF] tig-syntax·process: SECTION '{"path":"test/test-graph-samples/7_multi_collapse.out","outcome":"raw-fallback","bytes":578,"lines":14,"out_bytes":578,"ms_total":12.26,"ms_textconv":8.92,"ms_load_old":0.01,"ms_load_new":0.31}'
2026-08-10 04:52:09.353 +00:00 [INF] tig-syntax·process: SECTION '{"path":"test/test-graph-samples/8_multi_collapse_2.in","outcome":"raw-fallback","bytes":577,"lines":24,"out_bytes":577,"ms_total":13.09,"ms_textconv":9.71,"ms_load_old":0.01,"ms_load_new":0.66}'
2026-08-10 04:52:09.367 +00:00 [INF] tig-syntax·process: SECTION '{"path":"test/test-graph-samples/8_multi_collapse_2.out","outcome":"raw-fallback","bytes":651,"lines":15,"out_bytes":651,"ms_total":11.57,"ms_textconv":9,"ms_load_old":0.01,"ms_load_new":0.49}'
2026-08-10 04:52:09.380 +00:00 [INF] tig-syntax·process: SECTION '{"path":"test/test-graph-samples/9_parallel_siblings.in","outcome":"raw-fallback","bytes":581,"lines":24,"out_bytes":581,"ms_total":11.1,"ms_textconv":8.63,"ms_load_old":0.01,"ms_load_new":0.49}'
2026-08-10 04:52:09.391 +00:00 [INF] tig-syntax·process: SECTION '{"path":"test/test-graph-samples/9_parallel_siblings.out","outcome":"raw-fallback","bytes":625,"lines":15,"out_bytes":625,"ms_total":8.48,"ms_textconv":6.41,"ms_load_old":0,"ms_load_new":0.36}'
2026-08-10 04:52:09.398 +00:00 [INF] tig-syntax·process: SECTION '{"path":"test/test-graph-samples/many_merges.in","outcome":"raw-fallback","bytes":2710,"lines":71,"out_bytes":3485,"ms_total":6.03,"ms_textconv":4.35,"ms_load_old":0,"ms_load_new":0.14}'
2026-08-10 04:52:09.404 +00:00 [INF] tig-syntax·process: SECTION '{"path":"test/test-graph-samples/many_merges.out","outcome":"raw-fallback","bytes":966,"lines":26,"out_bytes":966,"ms_total":4.76,"ms_textconv":3.23,"ms_load_old":0,"ms_load_new":0.18}'
2026-08-10 04:52:09.412 +00:00 [INF] tig-syntax·process: SECTION '{"path":"test/test-graph-samples/more.in","outcome":"raw-fallback","bytes":1566,"lines":78,"out_bytes":1566,"ms_total":6.46,"ms_textconv":4.4,"ms_load_old":0,"ms_load_new":0.33}'
2026-08-10 04:52:09.419 +00:00 [INF] tig-syntax·process: SECTION '{"path":"test/test-graph-samples/more.out","outcome":"raw-fallback","bytes":2121,"lines":42,"out_bytes":2121,"ms_total":5.92,"ms_textconv":4.25,"ms_load_old":0,"ms_load_new":0.21}'
2026-08-10 04:52:09.428 +00:00 [INF] tig-syntax·process: SECTION '{"path":"test/test-graph-samples/simple.in","outcome":"raw-fallback","bytes":882,"lines":28,"out_bytes":1207,"ms_total":6.6,"ms_textconv":4.06,"ms_load_old":0,"ms_load_new":0.25}'
2026-08-10 04:52:09.437 +00:00 [INF] tig-syntax·process: SECTION '{"path":"test/test-graph-samples/simple.out","outcome":"raw-fallback","bytes":361,"lines":12,"out_bytes":361,"ms_total":7.01,"ms_textconv":4.66,"ms_load_old":0,"ms_load_new":0.15}'
2026-08-10 04:52:09.473 +00:00 [INF] tig-syntax·process: SECTION '{"path":"test/test-graph-samples/tig-all-long.in","outcome":"raw-fallback","bytes":669987,"lines":14992,"out_bytes":669987,"ms_total":34.36,"ms_textconv":8.8,"ms_load_old":0.01,"ms_load_new":10.81}'
2026-08-10 04:52:09.487 +00:00 [INF] tig-syntax·process: SECTION '{"path":"test/test-graph-samples/tig-all-long.out","outcome":"raw-fallback","bytes":86594,"lines":1523,"out_bytes":86594,"ms_total":10.76,"ms_textconv":7.12,"ms_load_old":0,"ms_load_new":0.73}'
2026-08-10 04:52:09.499 +00:00 [INF] tig-syntax·process: SECTION '{"path":"test/test-graph-samples/tig-all.in","outcome":"raw-fallback","bytes":12980,"lines":292,"out_bytes":12980,"ms_total":9.66,"ms_textconv":6.55,"ms_load_old":0.01,"ms_load_new":0.49}'
2026-08-10 04:52:09.513 +00:00 [INF] tig-syntax·process: SECTION '{"path":"test/test-graph-samples/tig-all.out","outcome":"raw-fallback","bytes":1861,"lines":41,"out_bytes":1861,"ms_total":11.67,"ms_textconv":8.66,"ms_load_old":0.01,"ms_load_new":0.44}'
2026-08-10 04:52:09.529 +00:00 [INF] tig-syntax·process: SECTION '{"path":"test/test-graph-samples/tig.in","outcome":"raw-fallback","bytes":1469,"lines":34,"out_bytes":1724,"ms_total":13.86,"ms_textconv":10.28,"ms_load_old":0.01,"ms_load_new":0.59}'
2026-08-10 04:52:09.545 +00:00 [INF] tig-syntax·process: SECTION '{"path":"test/test-graph-samples/tig.out","outcome":"raw-fallback","bytes":684,"lines":14,"out_bytes":684,"ms_total":12.89,"ms_textconv":9.56,"ms_load_old":0.02,"ms_load_new":0.44}'
2026-08-10 04:52:09.567 +00:00 [INF] tig-syntax·process: SECTION '{"path":"test/unit-test-graph.sh","outcome":"highlighted","bytes":619,"lines":25,"out_bytes":2794,"ms_total":19.16,"ms_textconv":9.2,"ms_load_old":0.01,"ms_load_new":0.41,"ms_hl_old":0,"ms_hl_new":9.34,"ms_validate":0.09,"ms_emit":0.05}'
2026-08-10 04:52:09.699 +00:00 [INF] tig-syntax·process: SECTION '{"path":"compat/utf8proc.c","outcome":"highlighted","bytes":3924,"lines":89,"out_bytes":13682,"ms_total":110.15,"ms_textconv":8.25,"ms_load_old":0.59,"ms_load_new":0.42,"ms_hl_old":53.67,"ms_hl_new":46.91,"ms_validate":0.1,"ms_emit":0.1}'
2026-08-10 04:52:09.753 +00:00 [INF] tig-syntax·process: SECTION '{"path":"compat/utf8proc.h","outcome":"highlighted","bytes":12617,"lines":260,"out_bytes":23914,"ms_total":47.79,"ms_textconv":7.8,"ms_load_old":3.74,"ms_load_new":0.42,"ms_hl_old":17.95,"ms_hl_new":17.39,"ms_validate":0.25,"ms_emit":0.2}'
2026-08-10 04:52:24.937 +00:00 [INF] tig-syntax·process: SECTION '{"path":"compat/utf8proc_data.c","outcome":"highlighted","bytes":4507550,"lines":31594,"out_bytes":29441224,"ms_total":15176.62,"ms_textconv":7.76,"ms_load_old":16.31,"ms_load_new":14.98,"ms_hl_old":6932.32,"ms_hl_new":8114.96,"ms_validate":14.67,"ms_emit":74.18}'
2026-08-10 04:52:25.005 +00:00 [INF] tig-syntax·process: SECTION '{"path":"big.ts","outcome":"highlighted","bytes":434,"lines":13,"out_bytes":2978,"ms_total":55.64,"ms_textconv":8.51,"ms_load_old":25.48,"ms_load_new":11.71,"ms_hl_old":5.1,"ms_hl_new":4.79,"ms_validate":0.01,"ms_emit":0.02}'
2026-08-10 04:52:32.918 +00:00 [INF] tig-syntax·process: SECTION '{"path":"big.ts","outcome":"highlighted","bytes":505,"lines":13,"out_bytes":3070,"ms_total":7874,"ms_textconv":0.01,"ms_load_old":2.87,"ms_load_new":8.55,"ms_hl_old":4066.3,"ms_hl_new":3796.19,"ms_validate":0.03,"ms_emit":0.02}'
2026-08-10 04:52:49.589 +00:00 [INF] tig-syntax·process: SECTION '{"path":"big.ts","outcome":"highlighted","bytes":447,"lines":12,"out_bytes":2546,"ms_total":16624.91,"ms_textconv":0.01,"ms_load_old":2.24,"ms_load_new":7.6,"ms_hl_old":9205.67,"ms_hl_new":7409.32,"ms_validate":0.02,"ms_emit":0.03}'
2026-08-10 04:52:49.788 +00:00 [INF] tig-syntax·process: SECTION '{"path":"minified.js","outcome":"highlighted","bytes":23626,"lines":15,"out_bytes":256877,"ms_total":185.62,"ms_textconv":12.35,"ms_load_old":0.68,"ms_load_new":0.4,"ms_hl_old":93.58,"ms_hl_new":77.9,"ms_validate":0.02,"ms_emit":0.67}'
2026-08-10 04:52:49.820 +00:00 [INF] tig-syntax·process: SECTION '{"path":"configure.ac","outcome":"raw-fallback","bytes":733,"lines":26,"out_bytes":733,"ms_total":3.15,"ms_textconv":0.01,"ms_load_old":0.49,"ms_load_new":0.35}'
2026-08-10 04:52:49.823 +00:00 [INF] tig-syntax·process: SECTION '{"path":"src/line.c","outcome":"highlighted","bytes":2679,"lines":79,"out_bytes":12841,"ms_total":1.09,"ms_textconv":0.01,"ms_load_old":0.42,"ms_load_new":0.34,"ms_hl_old":0.15,"ms_hl_new":0.01,"ms_validate":0.04,"ms_emit":0.09}'
2026-08-10 04:52:49.847 +00:00 [INF] tig-syntax·process: SECTION '{"path":"compat/compat.h","outcome":"highlighted","bytes":405,"lines":10,"out_bytes":530,"ms_total":0.77,"ms_textconv":0.01,"ms_load_old":0.35,"ms_load_new":0.32,"ms_hl_old":0.02,"ms_hl_new":0.01,"ms_validate":0.01,"ms_emit":0.02}'
2026-08-10 04:52:49.849 +00:00 [INF] tig-syntax·process: SECTION '{"path":"compat/wordexp.c","outcome":"highlighted","bytes":416,"lines":10,"out_bytes":541,"ms_total":0.5,"ms_textconv":0.01,"ms_load_old":0.28,"ms_load_new":0.16,"ms_hl_old":0.01,"ms_hl_new":0,"ms_validate":0.01,"ms_emit":0.01}'
2026-08-10 04:52:49.851 +00:00 [INF] tig-syntax·process: SECTION '{"path":"contrib/tig-completion.bash","outcome":"highlighted","bytes":486,"lines":13,"out_bytes":686,"ms_total":0.49,"ms_textconv":0.01,"ms_load_old":0.23,"ms_load_new":0.19,"ms_hl_old":0.01,"ms_hl_new":0.01,"ms_validate":0.01,"ms_emit":0.02}'
2026-08-10 04:52:49.854 +00:00 [INF] tig-syntax·process: SECTION '{"path":"doc/manual.adoc","outcome":"highlighted","bytes":503,"lines":13,"out_bytes":661,"ms_total":0.94,"ms_textconv":0.01,"ms_load_old":0.3,"ms_load_new":0.54,"ms_hl_old":0.02,"ms_hl_new":0.01,"ms_validate":0.01,"ms_emit":0.03}'
2026-08-10 04:52:49.857 +00:00 [INF] tig-syntax·process: SECTION '{"path":"doc/tig.1.adoc","outcome":"highlighted","bytes":497,"lines":13,"out_bytes":655,"ms_total":1.12,"ms_textconv":0.01,"ms_load_old":0.59,"ms_load_new":0.44,"ms_hl_old":0.01,"ms_hl_new":0,"ms_validate":0.01,"ms_emit":0.02}'
2026-08-10 04:52:49.861 +00:00 [INF] tig-syntax·process: SECTION '{"path":"doc/tigrc.5.adoc","outcome":"highlighted","bytes":477,"lines":13,"out_bytes":635,"ms_total":2.21,"ms_textconv":0.01,"ms_load_old":1.05,"ms_load_new":0.97,"ms_hl_old":0.03,"ms_hl_new":0.01,"ms_validate":0.02,"ms_emit":0.09}'
2026-08-10 04:52:49.864 +00:00 [INF] tig-syntax·process: SECTION '{"path":"include/tig/apps.h","outcome":"highlighted","bytes":424,"lines":10,"out_bytes":549,"ms_total":0.79,"ms_textconv":0.01,"ms_load_old":0.4,"ms_load_new":0.26,"ms_hl_old":0.02,"ms_hl_new":0.01,"ms_validate":0.01,"ms_emit":0.03}'
2026-08-10 04:52:49.867 +00:00 [INF] tig-syntax·process: SECTION '{"path":"include/tig/argv.h","outcome":"highlighted","bytes":424,"lines":10,"out_bytes":549,"ms_total":0.87,"ms_textconv":0.01,"ms_load_old":0.41,"ms_load_new":0.3,"ms_hl_old":0.02,"ms_hl_new":0.06,"ms_validate":0.01,"ms_emit":0.02}'
2026-08-10 04:52:49.870 +00:00 [INF] tig-syntax·process: SECTION '{"path":"include/tig/blame.h","outcome":"highlighted","bytes":428,"lines":10,"out_bytes":553,"ms_total":0.98,"ms_textconv":0.01,"ms_load_old":0.43,"ms_load_new":0.38,"ms_hl_old":0.02,"ms_hl_new":0.01,"ms_validate":0.02,"ms_emit":0.04}'
2026-08-10 04:52:49.873 +00:00 [INF] tig-syntax·process: SECTION '{"path":"include/tig/blob.h","outcome":"highlighted","bytes":424,"lines":10,"out_bytes":549,"ms_total":0.83,"ms_textconv":0.01,"ms_load_old":0.4,"ms_load_new":0.31,"ms_hl_old":0.02,"ms_hl_new":0.01,"ms_validate":0.01,"ms_emit":0.02}'
2026-08-10 04:52:49.875 +00:00 [INF] tig-syntax·process: SECTION '{"path":"include/tig/diff.h","outcome":"highlighted","bytes":424,"lines":10,"out_bytes":549,"ms_total":0.63,"ms_textconv":0.01,"ms_load_old":0.38,"ms_load_new":0.15,"ms_hl_old":0.01,"ms_hl_new":0.01,"ms_validate":0.01,"ms_emit":0.02}'
2026-08-10 04:52:49.878 +00:00 [INF] tig-syntax·process: SECTION '{"path":"include/tig/display.h","outcome":"highlighted","bytes":436,"lines":10,"out_bytes":561,"ms_total":0.7,"ms_textconv":0.01,"ms_load_old":0.31,"ms_load_new":0.3,"ms_hl_old":0.01,"ms_hl_new":0.01,"ms_validate":0.01,"ms_emit":0.02}'
2026-08-10 04:52:49.880 +00:00 [INF] tig-syntax·process: SECTION '{"path":"include/tig/draw.h","outcome":"highlighted","bytes":424,"lines":10,"out_bytes":549,"ms_total":0.64,"ms_textconv":0.01,"ms_load_old":0.38,"ms_load_new":0.17,"ms_hl_old":0.01,"ms_hl_new":0.01,"ms_validate":0.01,"ms_emit":0.02}'
2026-08-10 04:52:49.882 +00:00 [INF] tig-syntax·process: SECTION '{"path":"include/tig/git.h","outcome":"highlighted","bytes":420,"lines":10,"out_bytes":545,"ms_total":0.72,"ms_textconv":0.01,"ms_load_old":0.33,"ms_load_new":0.31,"ms_hl_old":0.01,"ms_hl_new":0.01,"ms_validate":0.01,"ms_emit":0.02}'
2026-08-10 04:52:49.885 +00:00 [INF] tig-syntax·process: SECTION '{"path":"include/tig/graph.h","outcome":"highlighted","bytes":428,"lines":10,"out_bytes":553,"ms_total":0.59,"ms_textconv":0.01,"ms_load_old":0.23,"ms_load_new":0.28,"ms_hl_old":0.01,"ms_hl_new":0.01,"ms_validate":0.01,"ms_emit":0.02}'
2026-08-10 04:52:49.887 +00:00 [INF] tig-syntax·process: SECTION '{"path":"include/tig/grep.h","outcome":"highlighted","bytes":424,"lines":10,"out_bytes":549,"ms_total":0.74,"ms_textconv":0.01,"ms_load_old":0.35,"ms_load_new":0.31,"ms_hl_old":0.01,"ms_hl_new":0.01,"ms_validate":0.01,"ms_emit":0.02}'
2026-08-10 04:52:49.890 +00:00 [INF] tig-syntax·process: SECTION '{"path":"include/tig/help.h","outcome":"highlighted","bytes":424,"lines":10,"out_bytes":549,"ms_total":0.74,"ms_textconv":0.01,"ms_load_old":0.37,"ms_load_new":0.28,"ms_hl_old":0.01,"ms_hl_new":0,"ms_validate":0.01,"ms_emit":0.02}'
2026-08-10 04:52:49.893 +00:00 [INF] tig-syntax·process: SECTION '{"path":"include/tig/io.h","outcome":"highlighted","bytes":416,"lines":10,"out_bytes":541,"ms_total":0.79,"ms_textconv":0.01,"ms_load_old":0.4,"ms_load_new":0.31,"ms_hl_old":0.01,"ms_hl_new":0.01,"ms_validate":0.01,"ms_emit":0.02}'
2026-08-10 04:52:49.895 +00:00 [INF] tig-syntax·process: SECTION '{"path":"include/tig/keys.h","outcome":"highlighted","bytes":424,"lines":10,"out_bytes":549,"ms_total":0.78,"ms_textconv":0.01,"ms_load_old":0.37,"ms_load_new":0.3,"ms_hl_old":0.01,"ms_hl_new":0.01,"ms_validate":0.01,"ms_emit":0.05}'
2026-08-10 04:52:49.898 +00:00 [INF] tig-syntax·process: SECTION '{"path":"include/tig/line.h","outcome":"highlighted","bytes":424,"lines":10,"out_bytes":549,"ms_total":0.8,"ms_textconv":0.01,"ms_load_old":0.4,"ms_load_new":0.3,"ms_hl_old":0.01,"ms_hl_new":0.01,"ms_validate":0.01,"ms_emit":0.03}'
2026-08-10 04:52:49.900 +00:00 [INF] tig-syntax·process: SECTION '{"path":"include/tig/log.h","outcome":"highlighted","bytes":420,"lines":10,"out_bytes":545,"ms_total":0.8,"ms_textconv":0.01,"ms_load_old":0.37,"ms_load_new":0.33,"ms_hl_old":0.01,"ms_hl_new":0.01,"ms_validate":0.01,"ms_emit":0.02}'
2026-08-10 04:52:49.903 +00:00 [INF] tig-syntax·process: SECTION '{"path":"include/tig/main.h","outcome":"highlighted","bytes":424,"lines":10,"out_bytes":549,"ms_total":0.73,"ms_textconv":0.01,"ms_load_old":0.35,"ms_load_new":0.3,"ms_hl_old":0.01,"ms_hl_new":0.01,"ms_validate":0.01,"ms_emit":0.02}'
2026-08-10 04:52:49.906 +00:00 [INF] tig-syntax·process: SECTION '{"path":"include/tig/map.h","outcome":"highlighted","bytes":420,"lines":10,"out_bytes":545,"ms_total":0.76,"ms_textconv":0.01,"ms_load_old":0.38,"ms_load_new":0.3,"ms_hl_old":0.01,"ms_hl_new":0.01,"ms_validate":0.01,"ms_emit":0.02}'
2026-08-10 04:52:49.908 +00:00 [INF] tig-syntax·process: SECTION '{"path":"include/tig/options.h","outcome":"highlighted","bytes":436,"lines":10,"out_bytes":561,"ms_total":0.91,"ms_textconv":0.01,"ms_load_old":0.43,"ms_load_new":0.38,"ms_hl_old":0.02,"ms_hl_new":0.01,"ms_validate":0.01,"ms_emit":0.03}'
2026-08-10 04:52:49.911 +00:00 [INF] tig-syntax·process: SECTION '{"path":"include/tig/pager.h","outcome":"highlighted","bytes":428,"lines":10,"out_bytes":553,"ms_total":0.84,"ms_textconv":0.01,"ms_load_old":0.4,"ms_load_new":0.35,"ms_hl_old":0.01,"ms_hl_new":0.01,"ms_validate":0.01,"ms_emit":0.02}'
2026-08-10 04:52:49.914 +00:00 [INF] tig-syntax·process: SECTION '{"path":"include/tig/parse.h","outcome":"highlighted","bytes":428,"lines":10,"out_bytes":553,"ms_total":0.77,"ms_textconv":0.01,"ms_load_old":0.36,"ms_load_new":0.31,"ms_hl_old":0.01,"ms_hl_new":0.01,"ms_validate":0.01,"ms_emit":0.02}'
2026-08-10 04:52:49.916 +00:00 [INF] tig-syntax·process: SECTION '{"path":"include/tig/prompt.h","outcome":"highlighted","bytes":432,"lines":10,"out_bytes":557,"ms_total":0.72,"ms_textconv":0.01,"ms_load_old":0.34,"ms_load_new":0.3,"ms_hl_old":0.01,"ms_hl_new":0.01,"ms_validate":0.01,"ms_emit":0.02}'
2026-08-10 04:52:49.919 +00:00 [INF] tig-syntax·process: SECTION '{"path":"include/tig/refdb.h","outcome":"highlighted","bytes":428,"lines":10,"out_bytes":553,"ms_total":0.75,"ms_textconv":0.01,"ms_load_old":0.36,"ms_load_new":0.31,"ms_hl_old":0.01,"ms_hl_new":0,"ms_validate":0.01,"ms_emit":0.03}'
2026-08-10 04:52:49.923 +00:00 [INF] tig-syntax·process: SECTION '{"path":"include/tig/reflog.h","outcome":"highlighted","bytes":432,"lines":10,"out_bytes":557,"ms_total":1.05,"ms_textconv":0.02,"ms_load_old":0.45,"ms_load_new":0.41,"ms_hl_old":0.03,"ms_hl_new":0.01,"ms_validate":0.02,"ms_emit":0.05}'
2026-08-10 04:52:49.926 +00:00 [INF] tig-syntax·process: SECTION '{"path":"include/tig/refs.h","outcome":"highlighted","bytes":424,"lines":10,"out_bytes":549,"ms_total":0.83,"ms_textconv":0.02,"ms_load_old":0.45,"ms_load_new":0.23,"ms_hl_old":0.03,"ms_hl_new":0.01,"ms_validate":0.02,"ms_emit":0.03}'
2026-08-10 04:52:49.929 +00:00 [INF] tig-syntax·process: SECTION '{"path":"include/tig/repo.h","outcome":"highlighted","bytes":424,"lines":10,"out_bytes":549,"ms_total":0.71,"ms_textconv":0.01,"ms_load_old":0.34,"ms_load_new":0.23,"ms_hl_old":0.02,"ms_hl_new":0.01,"ms_validate":0.02,"ms_emit":0.03}'
2026-08-10 04:52:49.931 +00:00 [INF] tig-syntax·process: SECTION '{"path":"include/tig/request.h","outcome":"highlighted","bytes":436,"lines":10,"out_bytes":561,"ms_total":0.69,"ms_textconv":0.01,"ms_load_old":0.3,"ms_load_new":0.25,"ms_hl_old":0.02,"ms_hl_new":0.01,"ms_validate":0.02,"ms_emit":0.03}'
2026-08-10 04:52:49.934 +00:00 [INF] tig-syntax·process: SECTION '{"path":"include/tig/search.h","outcome":"highlighted","bytes":432,"lines":10,"out_bytes":557,"ms_total":0.62,"ms_textconv":0.01,"ms_load_old":0.27,"ms_load_new":0.21,"ms_hl_old":0.02,"ms_hl_new":0.01,"ms_validate":0.02,"ms_emit":0.03}'
2026-08-10 04:52:49.936 +00:00 [INF] tig-syntax·process: SECTION '{"path":"include/tig/stage.h","outcome":"highlighted","bytes":428,"lines":10,"out_bytes":553,"ms_total":0.63,"ms_textconv":0.02,"ms_load_old":0.3,"ms_load_new":0.2,"ms_hl_old":0.02,"ms_hl_new":0.01,"ms_validate":0.02,"ms_emit":0.03}'
2026-08-10 04:52:49.939 +00:00 [INF] tig-syntax·process: SECTION '{"path":"include/tig/stash.h","outcome":"highlighted","bytes":428,"lines":10,"out_bytes":553,"ms_total":0.67,"ms_textconv":0.02,"ms_load_old":0.3,"ms_load_new":0.22,"ms_hl_old":0.03,"ms_hl_new":0.01,"ms_validate":0.02,"ms_emit":0.03}'
2026-08-10 04:52:49.942 +00:00 [INF] tig-syntax·process: SECTION '{"path":"include/tig/status.h","outcome":"highlighted","bytes":432,"lines":10,"out_bytes":557,"ms_total":0.8,"ms_textconv":0.02,"ms_load_old":0.36,"ms_load_new":0.26,"ms_hl_old":0.03,"ms_hl_new":0.01,"ms_validate":0.02,"ms_emit":0.03}'
2026-08-10 04:52:49.945 +00:00 [INF] tig-syntax·process: SECTION '{"path":"include/tig/string.h","outcome":"highlighted","bytes":432,"lines":10,"out_bytes":557,"ms_total":0.85,"ms_textconv":0.02,"ms_load_old":0.4,"ms_load_new":0.29,"ms_hl_old":0.03,"ms_hl_new":0.01,"ms_validate":0.02,"ms_emit":0.03}'
2026-08-10 04:52:49.947 +00:00 [INF] tig-syntax·process: SECTION '{"path":"include/tig/tig.h","outcome":"highlighted","bytes":420,"lines":10,"out_bytes":545,"ms_total":0.79,"ms_textconv":0.02,"ms_load_old":0.38,"ms_load_new":0.26,"ms_hl_old":0.03,"ms_hl_new":0.01,"ms_validate":0.02,"ms_emit":0.03}'
2026-08-10 04:52:49.950 +00:00 [INF] tig-syntax·process: SECTION '{"path":"include/tig/tree.h","outcome":"highlighted","bytes":424,"lines":10,"out_bytes":549,"ms_total":0.76,"ms_textconv":0.02,"ms_load_old":0.31,"ms_load_new":0.23,"ms_hl_old":0.02,"ms_hl_new":0.01,"ms_validate":0.02,"ms_emit":0.1}'
2026-08-10 04:52:49.953 +00:00 [INF] tig-syntax·process: SECTION '{"path":"include/tig/types.h","outcome":"highlighted","bytes":428,"lines":10,"out_bytes":553,"ms_total":0.7,"ms_textconv":0.02,"ms_load_old":0.32,"ms_load_new":0.25,"ms_hl_old":0.02,"ms_hl_new":0.01,"ms_validate":0.02,"ms_emit":0.02}'
2026-08-10 04:52:49.955 +00:00 [INF] tig-syntax·process: SECTION '{"path":"include/tig/ui.h","outcome":"highlighted","bytes":416,"lines":10,"out_bytes":541,"ms_total":0.51,"ms_textconv":0.01,"ms_load_old":0.19,"ms_load_new":0.25,"ms_hl_old":0.02,"ms_hl_new":0,"ms_validate":0.01,"ms_emit":0.01}'
2026-08-10 04:52:49.957 +00:00 [INF] tig-syntax·process: SECTION '{"path":"include/tig/util.h","outcome":"highlighted","bytes":424,"lines":10,"out_bytes":549,"ms_total":0.27,"ms_textconv":0.01,"ms_load_old":0.13,"ms_load_new":0.08,"ms_hl_old":0.01,"ms_hl_new":0,"ms_validate":0.01,"ms_emit":0.01}'
2026-08-10 04:52:49.958 +00:00 [INF] tig-syntax·process: SECTION '{"path":"include/tig/view.h","outcome":"highlighted","bytes":424,"lines":10,"out_bytes":549,"ms_total":0.23,"ms_textconv":0,"ms_load_old":0.11,"ms_load_new":0.09,"ms_hl_old":0.01,"ms_hl_new":0,"ms_validate":0,"ms_emit":0.01}'
2026-08-10 04:52:49.960 +00:00 [INF] tig-syntax·process: SECTION '{"path":"include/tig/watch.h","outcome":"highlighted","bytes":428,"lines":10,"out_bytes":553,"ms_total":0.12,"ms_textconv":0,"ms_load_old":0.06,"ms_load_new":0.04,"ms_hl_old":0,"ms_hl_new":0,"ms_validate":0,"ms_emit":0}'
2026-08-10 04:52:49.961 +00:00 [INF] tig-syntax·process: SECTION '{"path":"src/apps.c","outcome":"highlighted","bytes":392,"lines":10,"out_bytes":517,"ms_total":0.1,"ms_textconv":0,"ms_load_old":0.05,"ms_load_new":0.04,"ms_hl_old":0,"ms_hl_new":0,"ms_validate":0,"ms_emit":0}'
2026-08-10 04:52:49.962 +00:00 [INF] tig-syntax·process: SECTION '{"path":"src/argv.c","outcome":"highlighted","bytes":392,"lines":10,"out_bytes":517,"ms_total":0.17,"ms_textconv":0,"ms_load_old":0.08,"ms_load_new":0.08,"ms_hl_old":0,"ms_hl_new":0,"ms_validate":0,"ms_emit":0}'
2026-08-10 04:52:49.964 +00:00 [INF] tig-syntax·process: SECTION '{"path":"src/blame.c","outcome":"highlighted","bytes":396,"lines":10,"out_bytes":521,"ms_total":0.15,"ms_textconv":0,"ms_load_old":0.07,"ms_load_new":0.05,"ms_hl_old":0,"ms_hl_new":0,"ms_validate":0,"ms_emit":0}'
2026-08-10 04:52:49.965 +00:00 [INF] tig-syntax·process: SECTION '{"path":"src/blob.c","outcome":"highlighted","bytes":392,"lines":10,"out_bytes":517,"ms_total":0.12,"ms_textconv":0,"ms_load_old":0.06,"ms_load_new":0.04,"ms_hl_old":0,"ms_hl_new":0,"ms_validate":0,"ms_emit":0}'
2026-08-10 04:52:49.966 +00:00 [INF] tig-syntax·process: SECTION '{"path":"src/diff.c","outcome":"highlighted","bytes":392,"lines":10,"out_bytes":517,"ms_total":0.19,"ms_textconv":0,"ms_load_old":0.1,"ms_load_new":0.07,"ms_hl_old":0,"ms_hl_new":0,"ms_validate":0,"ms_emit":0}'
2026-08-10 04:52:49.968 +00:00 [INF] tig-syntax·process: SECTION '{"path":"src/display.c","outcome":"highlighted","bytes":404,"lines":10,"out_bytes":529,"ms_total":0.23,"ms_textconv":0,"ms_load_old":0.12,"ms_load_new":0.08,"ms_hl_old":0,"ms_hl_new":0,"ms_validate":0,"ms_emit":0.01}'
2026-08-10 04:52:49.969 +00:00 [INF] tig-syntax·process: SECTION '{"path":"src/draw.c","outcome":"highlighted","bytes":392,"lines":10,"out_bytes":517,"ms_total":0.2,"ms_textconv":0,"ms_load_old":0.1,"ms_load_new":0.08,"ms_hl_old":0,"ms_hl_new":0,"ms_validate":0,"ms_emit":0}'
2026-08-10 04:52:49.971 +00:00 [INF] tig-syntax·process: SECTION '{"path":"src/graph-v1.c","outcome":"highlighted","bytes":408,"lines":10,"out_bytes":533,"ms_total":0.23,"ms_textconv":0,"ms_load_old":0.12,"ms_load_new":0.08,"ms_hl_old":0.01,"ms_hl_new":0,"ms_validate":0,"ms_emit":0.01}'
2026-08-10 04:52:49.972 +00:00 [INF] tig-syntax·process: SECTION '{"path":"src/graph-v2.c","outcome":"highlighted","bytes":408,"lines":10,"out_bytes":533,"ms_total":0.32,"ms_textconv":0,"ms_load_old":0.16,"ms_load_new":0.13,"ms_hl_old":0.01,"ms_hl_new":0,"ms_validate":0,"ms_emit":0.01}'
2026-08-10 04:52:49.974 +00:00 [INF] tig-syntax·process: SECTION '{"path":"src/graph.c","outcome":"highlighted","bytes":396,"lines":10,"out_bytes":521,"ms_total":0.14,"ms_textconv":0,"ms_load_old":0.07,"ms_load_new":0.05,"ms_hl_old":0,"ms_hl_new":0,"ms_validate":0,"ms_emit":0}'
2026-08-10 04:52:49.975 +00:00 [INF] tig-syntax·process: SECTION '{"path":"src/grep.c","outcome":"highlighted","bytes":392,"lines":10,"out_bytes":517,"ms_total":0.2,"ms_textconv":0,"ms_load_old":0.11,"ms_load_new":0.07,"ms_hl_old":0,"ms_hl_new":0,"ms_validate":0,"ms_emit":0.01}'
2026-08-10 04:52:49.977 +00:00 [INF] tig-syntax·process: SECTION '{"path":"src/help.c","outcome":"highlighted","bytes":392,"lines":10,"out_bytes":517,"ms_total":0.2,"ms_textconv":0,"ms_load_old":0.1,"ms_load_new":0.07,"ms_hl_old":0,"ms_hl_new":0,"ms_validate":0,"ms_emit":0.01}'
2026-08-10 04:52:49.978 +00:00 [INF] tig-syntax·process: SECTION '{"path":"src/io.c","outcome":"highlighted","bytes":384,"lines":10,"out_bytes":509,"ms_total":0.33,"ms_textconv":0,"ms_load_old":0.15,"ms_load_new":0.14,"ms_hl_old":0.01,"ms_hl_new":0,"ms_validate":0.01,"ms_emit":0.01}'
2026-08-10 04:52:49.980 +00:00 [INF] tig-syntax·process: SECTION '{"path":"src/keys.c","outcome":"highlighted","bytes":392,"lines":10,"out_bytes":517,"ms_total":0.37,"ms_textconv":0,"ms_load_old":0.19,"ms_load_new":0.14,"ms_hl_old":0.01,"ms_hl_new":0,"ms_validate":0.01,"ms_emit":0.01}'
2026-08-10 04:52:49.981 +00:00 [INF] tig-syntax·process: SECTION '{"path":"src/line.c","outcome":"highlighted","bytes":392,"lines":10,"out_bytes":517,"ms_total":0.32,"ms_textconv":0,"ms_load_old":0.17,"ms_load_new":0.11,"ms_hl_old":0.01,"ms_hl_new":0,"ms_validate":0.01,"ms_emit":0.01}'
2026-08-10 04:52:49.983 +00:00 [INF] tig-syntax·process: SECTION '{"path":"src/log.c","outcome":"highlighted","bytes":388,"lines":10,"out_bytes":513,"ms_total":0.41,"ms_textconv":0,"ms_load_old":0.19,"ms_load_new":0.16,"ms_hl_old":0.01,"ms_hl_new":0,"ms_validate":0.01,"ms_emit":0.01}'
2026-08-10 04:52:49.985 +00:00 [INF] tig-syntax·process: SECTION '{"path":"src/main.c","outcome":"highlighted","bytes":392,"lines":10,"out_bytes":517,"ms_total":0.45,"ms_textconv":0.01,"ms_load_old":0.25,"ms_load_new":0.15,"ms_hl_old":0.01,"ms_hl_new":0,"ms_validate":0.01,"ms_emit":0.01}'
2026-08-10 04:52:49.987 +00:00 [INF] tig-syntax·process: SECTION '{"path":"src/map.c","outcome":"highlighted","bytes":388,"lines":10,"out_bytes":513,"ms_total":0.36,"ms_textconv":0.01,"ms_load_old":0.18,"ms_load_new":0.12,"ms_hl_old":0.01,"ms_hl_new":0,"ms_validate":0.01,"ms_emit":0.01}'
2026-08-10 04:52:49.990 +00:00 [INF] tig-syntax·process: SECTION '{"path":"src/options.c","outcome":"highlighted","bytes":404,"lines":10,"out_bytes":529,"ms_total":1.08,"ms_textconv":0.01,"ms_load_old":0.55,"ms_load_new":0.45,"ms_hl_old":0.01,"ms_hl_new":0,"ms_validate":0.01,"ms_emit":0.02}'
2026-08-10 04:52:49.992 +00:00 [INF] tig-syntax·process: SECTION '{"path":"src/pager.c","outcome":"highlighted","bytes":396,"lines":10,"out_bytes":521,"ms_total":0.58,"ms_textconv":0.01,"ms_load_old":0.3,"ms_load_new":0.19,"ms_hl_old":0.01,"ms_hl_new":0,"ms_validate":0.01,"ms_emit":0.02}'
2026-08-10 04:52:49.995 +00:00 [INF] tig-syntax·process: SECTION '{"path":"src/parse.c","outcome":"highlighted","bytes":396,"lines":10,"out_bytes":521,"ms_total":0.95,"ms_textconv":0.01,"ms_load_old":0.35,"ms_load_new":0.46,"ms_hl_old":0.04,"ms_hl_new":0.01,"ms_validate":0.02,"ms_emit":0.03}'
2026-08-10 04:52:49.998 +00:00 [INF] tig-syntax·process: SECTION '{"path":"src/prompt.c","outcome":"highlighted","bytes":400,"lines":10,"out_bytes":525,"ms_total":1.37,"ms_textconv":0.02,"ms_load_old":0.62,"ms_load_new":0.59,"ms_hl_old":0.03,"ms_hl_new":0.01,"ms_validate":0.02,"ms_emit":0.03}'
2026-08-10 04:52:50.001 +00:00 [INF] tig-syntax·process: SECTION '{"path":"src/refdb.c","outcome":"highlighted","bytes":396,"lines":10,"out_bytes":521,"ms_total":0.9,"ms_textconv":0.02,"ms_load_old":0.41,"ms_load_new":0.33,"ms_hl_old":0.05,"ms_hl_new":0.01,"ms_validate":0.02,"ms_emit":0.02}'
2026-08-10 04:52:50.004 +00:00 [INF] tig-syntax·process: SECTION '{"path":"src/reflog.c","outcome":"highlighted","bytes":400,"lines":10,"out_bytes":525,"ms_total":0.89,"ms_textconv":0.01,"ms_load_old":0.46,"ms_load_new":0.3,"ms_hl_old":0.02,"ms_hl_new":0.01,"ms_validate":0.01,"ms_emit":0.02}'
2026-08-10 04:52:50.007 +00:00 [INF] tig-syntax·process: SECTION '{"path":"src/refs.c","outcome":"highlighted","bytes":392,"lines":10,"out_bytes":517,"ms_total":0.85,"ms_textconv":0.01,"ms_load_old":0.42,"ms_load_new":0.33,"ms_hl_old":0.02,"ms_hl_new":0.01,"ms_validate":0.01,"ms_emit":0.03}'
2026-08-10 04:52:50.009 +00:00 [INF] tig-syntax·process: SECTION '{"path":"src/repo.c","outcome":"highlighted","bytes":392,"lines":10,"out_bytes":517,"ms_total":0.87,"ms_textconv":0.01,"ms_load_old":0.42,"ms_load_new":0.36,"ms_hl_old":0.01,"ms_hl_new":0.01,"ms_validate":0.01,"ms_emit":0.02}'
2026-08-10 04:52:50.012 +00:00 [INF] tig-syntax·process: SECTION '{"path":"src/request.c","outcome":"highlighted","bytes":404,"lines":10,"out_bytes":529,"ms_total":0.76,"ms_textconv":0.01,"ms_load_old":0.43,"ms_load_new":0.21,"ms_hl_old":0.02,"ms_hl_new":0.01,"ms_validate":0.01,"ms_emit":0.02}'
2026-08-10 04:52:50.015 +00:00 [INF] tig-syntax·process: SECTION '{"path":"src/search.c","outcome":"highlighted","bytes":400,"lines":10,"out_bytes":525,"ms_total":0.62,"ms_textconv":0.01,"ms_load_old":0.32,"ms_load_new":0.19,"ms_hl_old":0.02,"ms_hl_new":0.01,"ms_validate":0.01,"ms_emit":0.02}'
2026-08-10 04:52:50.018 +00:00 [INF] tig-syntax·process: SECTION '{"path":"src/stage.c","outcome":"highlighted","bytes":396,"lines":10,"out_bytes":521,"ms_total":0.82,"ms_textconv":0.01,"ms_load_old":0.41,"ms_load_new":0.32,"ms_hl_old":0.02,"ms_hl_new":0.01,"ms_validate":0.01,"ms_emit":0.02}'
2026-08-10 04:52:50.020 +00:00 [INF] tig-syntax·process: SECTION '{"path":"src/stash.c","outcome":"highlighted","bytes":396,"lines":10,"out_bytes":521,"ms_total":0.46,"ms_textconv":0.01,"ms_load_old":0.24,"ms_load_new":0.14,"ms_hl_old":0.01,"ms_hl_new":0.01,"ms_validate":0.01,"ms_emit":0.02}'
2026-08-10 04:52:50.023 +00:00 [INF] tig-syntax·process: SECTION '{"path":"src/status.c","outcome":"highlighted","bytes":400,"lines":10,"out_bytes":525,"ms_total":0.77,"ms_textconv":0.01,"ms_load_old":0.39,"ms_load_new":0.3,"ms_hl_old":0.01,"ms_hl_new":0.01,"ms_validate":0.01,"ms_emit":0.02}'
2026-08-10 04:52:50.025 +00:00 [INF] tig-syntax·process: SECTION '{"path":"src/string.c","outcome":"highlighted","bytes":400,"lines":10,"out_bytes":525,"ms_total":0.6,"ms_textconv":0.01,"ms_load_old":0.24,"ms_load_new":0.19,"ms_hl_old":0.02,"ms_hl_new":0.07,"ms_validate":0.01,"ms_emit":0.02}'
2026-08-10 04:52:50.028 +00:00 [INF] tig-syntax·process: SECTION '{"path":"src/tig.c","outcome":"highlighted","bytes":388,"lines":10,"out_bytes":513,"ms_total":0.97,"ms_textconv":0.01,"ms_load_old":0.55,"ms_load_new":0.3,"ms_hl_old":0.01,"ms_hl_new":0.01,"ms_validate":0.01,"ms_emit":0.02}'
2026-08-10 04:52:50.031 +00:00 [INF] tig-syntax·process: SECTION '{"path":"src/tree.c","outcome":"highlighted","bytes":392,"lines":10,"out_bytes":517,"ms_total":1.12,"ms_textconv":0.01,"ms_load_old":0.62,"ms_load_new":0.42,"ms_hl_old":0.01,"ms_hl_new":0.01,"ms_validate":0.01,"ms_emit":0.02}'
2026-08-10 04:52:50.033 +00:00 [INF] tig-syntax·process: SECTION '{"path":"src/types.c","outcome":"highlighted","bytes":396,"lines":10,"out_bytes":521,"ms_total":0.57,"ms_textconv":0.01,"ms_load_old":0.32,"ms_load_new":0.18,"ms_hl_old":0.01,"ms_hl_new":0.01,"ms_validate":0.01,"ms_emit":0.02}'
2026-08-10 04:52:50.036 +00:00 [INF] tig-syntax·process: SECTION '{"path":"src/ui.c","outcome":"highlighted","bytes":384,"lines":10,"out_bytes":509,"ms_total":1.01,"ms_textconv":0.01,"ms_load_old":0.38,"ms_load_new":0.54,"ms_hl_old":0.02,"ms_hl_new":0.01,"ms_validate":0.01,"ms_emit":0.02}'
2026-08-10 04:52:50.038 +00:00 [INF] tig-syntax·process: SECTION '{"path":"src/util.c","outcome":"highlighted","bytes":392,"lines":10,"out_bytes":517,"ms_total":0.83,"ms_textconv":0.01,"ms_load_old":0.43,"ms_load_new":0.29,"ms_hl_old":0.02,"ms_hl_new":0.01,"ms_validate":0.01,"ms_emit":0.02}'
2026-08-10 04:52:50.042 +00:00 [INF] tig-syntax·process: SECTION '{"path":"src/view.c","outcome":"highlighted","bytes":392,"lines":10,"out_bytes":517,"ms_total":1.31,"ms_textconv":0.01,"ms_load_old":0.63,"ms_load_new":0.58,"ms_hl_old":0.02,"ms_hl_new":0.01,"ms_validate":0.01,"ms_emit":0.03}'
2026-08-10 04:52:50.044 +00:00 [INF] tig-syntax·process: SECTION '{"path":"src/watch.c","outcome":"highlighted","bytes":396,"lines":10,"out_bytes":521,"ms_total":0.61,"ms_textconv":0.01,"ms_load_old":0.32,"ms_load_new":0.21,"ms_hl_old":0.01,"ms_hl_new":0.01,"ms_validate":0.01,"ms_emit":0.02}'
2026-08-10 04:52:50.046 +00:00 [INF] tig-syntax·process: SECTION '{"path":"test/tools/libgit.sh","outcome":"highlighted","bytes":454,"lines":13,"out_bytes":654,"ms_total":0.59,"ms_textconv":0.01,"ms_load_old":0.28,"ms_load_new":0.22,"ms_hl_old":0.01,"ms_hl_new":0,"ms_validate":0.01,"ms_emit":0.02}'
2026-08-10 04:52:50.049 +00:00 [INF] tig-syntax·process: SECTION '{"path":"test/tools/libtest.sh","outcome":"highlighted","bytes":464,"lines":13,"out_bytes":664,"ms_total":0.91,"ms_textconv":0.01,"ms_load_old":0.47,"ms_load_new":0.32,"ms_hl_old":0.02,"ms_hl_new":0.01,"ms_validate":0.02,"ms_emit":0.02}'
2026-08-10 04:52:50.051 +00:00 [INF] tig-syntax·process: SECTION '{"path":"test/tools/show-results.sh","outcome":"highlighted","bytes":494,"lines":13,"out_bytes":694,"ms_total":0.51,"ms_textconv":0.01,"ms_load_old":0.23,"ms_load_new":0.18,"ms_hl_old":0.01,"ms_hl_new":0.01,"ms_validate":0.01,"ms_emit":0.02}'
2026-08-10 04:52:50.053 +00:00 [INF] tig-syntax·process: SECTION '{"path":"test/tools/test-graph.c","outcome":"highlighted","bytes":444,"lines":10,"out_bytes":569,"ms_total":0.51,"ms_textconv":0.01,"ms_load_old":0.25,"ms_load_new":0.18,"ms_hl_old":0.01,"ms_hl_new":0.01,"ms_validate":0.01,"ms_emit":0.02}'
2026-08-10 04:52:50.056 +00:00 [INF] tig-syntax·process: SECTION '{"path":"tools/announcement.sh","outcome":"highlighted","bytes":519,"lines":13,"out_bytes":719,"ms_total":0.62,"ms_textconv":0.01,"ms_load_old":0.24,"ms_load_new":0.27,"ms_hl_old":0.01,"ms_hl_new":0.01,"ms_validate":0.01,"ms_emit":0.02}'
2026-08-10 04:52:50.059 +00:00 [INF] tig-syntax·process: SECTION '{"path":"tools/doc-gen.c","outcome":"highlighted","bytes":412,"lines":10,"out_bytes":537,"ms_total":0.86,"ms_textconv":0.01,"ms_load_old":0.46,"ms_load_new":0.3,"ms_hl_old":0.01,"ms_hl_new":0.01,"ms_validate":0.02,"ms_emit":0.02}'
2026-08-10 04:52:50.061 +00:00 [INF] tig-syntax·process: SECTION '{"path":"tools/header.h","outcome":"highlighted","bytes":408,"lines":10,"out_bytes":533,"ms_total":0.75,"ms_textconv":0.01,"ms_load_old":0.46,"ms_load_new":0.2,"ms_hl_old":0.01,"ms_hl_new":0.01,"ms_validate":0.01,"ms_emit":0.02}'
2026-08-10 04:52:50.064 +00:00 [INF] tig-syntax·process: SECTION '{"path":"tools/install.sh","outcome":"highlighted","bytes":450,"lines":13,"out_bytes":650,"ms_total":0.86,"ms_textconv":0.01,"ms_load_old":0.42,"ms_load_new":0.34,"ms_hl_old":0.01,"ms_hl_new":0.01,"ms_validate":0.01,"ms_emit":0.02}'
2026-08-10 04:52:50.066 +00:00 [INF] tig-syntax·process: SECTION '{"path":"tools/make-builtin-config.sh","outcome":"highlighted","bytes":493,"lines":13,"out_bytes":693,"ms_total":0.73,"ms_textconv":0.01,"ms_load_old":0.36,"ms_load_new":0.28,"ms_hl_old":0.01,"ms_hl_new":0.01,"ms_validate":0.01,"ms_emit":0.02}'
2026-08-10 04:52:50.069 +00:00 [INF] tig-syntax·process: SECTION '{"path":"tools/release.sh","outcome":"highlighted","bytes":501,"lines":13,"out_bytes":701,"ms_total":0.63,"ms_textconv":0.01,"ms_load_old":0.34,"ms_load_new":0.2,"ms_hl_old":0.01,"ms_hl_new":0.01,"ms_validate":0.01,"ms_emit":0.02}'
2026-08-10 04:52:50.071 +00:00 [INF] tig-syntax·process: SECTION '{"path":"tools/uninstall.sh","outcome":"highlighted","bytes":443,"lines":13,"out_bytes":643,"ms_total":0.75,"ms_textconv":0.01,"ms_load_old":0.36,"ms_load_new":0.3,"ms_hl_old":0.01,"ms_hl_new":0.01,"ms_validate":0.01,"ms_emit":0.02}'
2026-08-10 04:52:50.094 +00:00 [INF] tig-syntax·process: SECTION '{"path":"tools/tig-syntax-filter/.gitignore","outcome":"highlighted","bytes":215,"lines":7,"out_bytes":240,"ms_total":0.76,"ms_textconv":0.02,"ms_load_old":0.01,"ms_load_new":0.6,"ms_hl_old":0,"ms_hl_new":0.03,"ms_validate":0.01,"ms_emit":0.02}'
2026-08-10 04:52:50.100 +00:00 [INF] tig-syntax·process: SECTION '{"path":"tools/tig-syntax-filter/bin/.gitignore","outcome":"highlighted","bytes":231,"lines":7,"out_bytes":256,"ms_total":3.05,"ms_textconv":0.02,"ms_load_old":0.01,"ms_load_new":2.93,"ms_hl_old":0,"ms_hl_new":0.02,"ms_validate":0.01,"ms_emit":0.01}'
2026-08-10 04:52:50.103 +00:00 [INF] tig-syntax·process: SECTION '{"path":"tools/tig-syntax-filter/bin/tig-syntax-daemon","outcome":"highlighted","bytes":492,"lines":12,"out_bytes":1021,"ms_total":0.84,"ms_textconv":0.01,"ms_load_old":0,"ms_load_new":0.72,"ms_hl_old":0,"ms_hl_new":0.02,"ms_validate":0.01,"ms_emit":0.02}'
2026-08-10 04:52:50.119 +00:00 [INF] tig-syntax·process: SECTION '{"path":"tools/tig-syntax-filter/client/Makefile","outcome":"highlighted","bytes":415,"lines":16,"out_bytes":1001,"ms_total":0.88,"ms_textconv":0.01,"ms_load_old":0.01,"ms_load_new":0.72,"ms_hl_old":0,"ms_hl_new":0.03,"ms_validate":0.02,"ms_emit":0.04}'
2026-08-10 04:52:50.124 +00:00 [INF] tig-syntax·process: SECTION '{"path":"tools/tig-syntax-filter/client/tig-syntax-filter.c","outcome":"highlighted","bytes":10418,"lines":435,"out_bytes":57085,"ms_total":2.18,"ms_textconv":0.01,"ms_load_old":0.01,"ms_load_new":0.83,"ms_hl_old":0,"ms_hl_new":0.02,"ms_validate":0.47,"ms_emit":0.77}'
2026-08-10 04:52:50.127 +00:00 [INF] tig-syntax·process: SECTION '{"path":"tools/tig-syntax-filter/package.json","outcome":"highlighted","bytes":854,"lines":36,"out_bytes":3764,"ms_total":0.81,"ms_textconv":0.04,"ms_load_old":0.01,"ms_load_new":0.58,"ms_hl_old":0,"ms_hl_new":0.02,"ms_validate":0.04,"ms_emit":0.08}'
2026-08-10 04:52:50.134 +00:00 [INF] tig-syntax·process: SECTION '{"path":"tools/tig-syntax-filter/pnpm-lock.yaml","outcome":"highlighted","bytes":49414,"lines":1488,"out_bytes":182715,"ms_total":4.36,"ms_textconv":0.01,"ms_load_old":0.01,"ms_load_new":1.09,"ms_hl_old":0,"ms_hl_new":0.02,"ms_validate":1.09,"ms_emit":2.04}'
2026-08-10 04:52:50.137 +00:00 [INF] tig-syntax·process: SECTION '{"path":"tools/tig-syntax-filter/smoke.mjs","outcome":"highlighted","bytes":1529,"lines":31,"out_bytes":10037,"ms_total":0.72,"ms_textconv":0.01,"ms_load_old":0,"ms_load_new":0.56,"ms_hl_old":0,"ms_hl_new":0.02,"ms_validate":0.03,"ms_emit":0.06}'
2026-08-10 04:52:50.140 +00:00 [INF] tig-syntax·process: SECTION '{"path":"tools/tig-syntax-filter/src/daemon.ts","outcome":"highlighted","bytes":6508,"lines":209,"out_bytes":38029,"ms_total":1.12,"ms_textconv":0.01,"ms_load_old":0,"ms_load_new":0.56,"ms_hl_old":0,"ms_hl_new":0.02,"ms_validate":0.16,"ms_emit":0.33}'
2026-08-10 04:52:50.144 +00:00 [INF] tig-syntax·process: SECTION '{"path":"tools/tig-syntax-filter/src/diff_parser.ts","outcome":"highlighted","bytes":9337,"lines":308,"out_bytes":58727,"ms_total":1.57,"ms_textconv":0.01,"ms_load_old":0,"ms_load_new":0.71,"ms_hl_old":0,"ms_hl_new":0.02,"ms_validate":0.28,"ms_emit":0.51}'
2026-08-10 04:52:50.147 +00:00 [INF] tig-syntax·process: SECTION '{"path":"tools/tig-syntax-filter/src/git.ts","outcome":"highlighted","bytes":3729,"lines":117,"out_bytes":19871,"ms_total":0.95,"ms_textconv":0.01,"ms_load_old":0,"ms_load_new":0.56,"ms_hl_old":0,"ms_hl_new":0.02,"ms_validate":0.11,"ms_emit":0.22}'
2026-08-10 04:52:50.150 +00:00 [INF] tig-syntax·process: SECTION '{"path":"tools/tig-syntax-filter/src/highlight.ts","outcome":"highlighted","bytes":7399,"lines":223,"out_bytes":44352,"ms_total":1.19,"ms_textconv":0.01,"ms_load_old":0,"ms_load_new":0.54,"ms_hl_old":0,"ms_hl_new":0.01,"ms_validate":0.19,"ms_emit":0.39}'
2026-08-10 04:52:50.153 +00:00 [INF] tig-syntax·process: SECTION '{"path":"tools/tig-syntax-filter/src/lang_map.ts","outcome":"highlighted","bytes":3748,"lines":135,"out_bytes":25244,"ms_total":0.84,"ms_textconv":0.01,"ms_load_old":0,"ms_load_new":0.46,"ms_hl_old":0,"ms_hl_new":0.01,"ms_validate":0.11,"ms_emit":0.22}'
2026-08-10 04:52:50.156 +00:00 [INF] tig-syntax·process: SECTION '{"path":"tools/tig-syntax-filter/src/process.ts","outcome":"highlighted","bytes":7288,"lines":214,"out_bytes":41806,"ms_total":1.05,"ms_textconv":0.01,"ms_load_old":0,"ms_load_new":0.5,"ms_hl_old":0,"ms_hl_new":0.01,"ms_validate":0.17,"ms_emit":0.32}'
2026-08-10 04:52:50.160 +00:00 [INF] tig-syntax·process: SECTION '{"path":"tools/tig-syntax-filter/themes/one-monokai.LICENSE","outcome":"raw-fallback","bytes":1342,"lines":27,"out_bytes":1342,"ms_total":2.08,"ms_textconv":0.01,"ms_load_old":0,"ms_load_new":0.34}'
2026-08-10 04:52:50.163 +00:00 [INF] tig-syntax·process: SECTION '{"path":"tools/tig-syntax-filter/themes/one-monokai.json","outcome":"highlighted","bytes":15042,"lines":593,"out_bytes":61336,"ms_total":1.98,"ms_textconv":0.01,"ms_load_old":0,"ms_load_new":0.55,"ms_hl_old":0,"ms_hl_new":0.02,"ms_validate":0.54,"ms_emit":0.82}'
2026-08-10 04:52:50.186 +00:00 [INF] tig-syntax·process: SECTION '{"path":"tools/tig-syntax-filter/src/git.ts","outcome":"highlighted","bytes":3613,"lines":100,"out_bytes":20768,"ms_total":1.49,"ms_textconv":0.02,"ms_load_old":0.66,"ms_load_new":0.48,"ms_hl_old":0.03,"ms_hl_new":0.01,"ms_validate":0.09,"ms_emit":0.15}'
2026-08-10 04:52:50.190 +00:00 [INF] tig-syntax·process: SECTION '{"path":"tools/tig-syntax-filter/src/process.ts","outcome":"highlighted","bytes":2865,"lines":69,"out_bytes":12957,"ms_total":1.38,"ms_textconv":0.01,"ms_load_old":0.76,"ms_load_new":0.35,"ms_hl_old":0.02,"ms_hl_new":0.01,"ms_validate":0.06,"ms_emit":0.12}'
2026-08-10 04:52:50.212 +00:00 [INF] tig-syntax·process: SECTION '{"path":"README.md","outcome":"highlighted","bytes":939,"lines":26,"out_bytes":1667,"ms_total":1.34,"ms_textconv":0.02,"ms_load_old":0.55,"ms_load_new":0.6,"ms_hl_old":0.03,"ms_hl_new":0.01,"ms_validate":0.03,"ms_emit":0.04}'
2026-08-10 04:52:50.233 +00:00 [INF] tig-syntax·process: SECTION '{"path":"Makefile","outcome":"highlighted","bytes":1147,"lines":38,"out_bytes":3163,"ms_total":0.57,"ms_textconv":0.01,"ms_load_old":0.28,"ms_load_new":0.22,"ms_hl_old":0.01,"ms_hl_new":0,"ms_validate":0.01,"ms_emit":0.01}'
2026-08-10 04:52:50.235 +00:00 [INF] tig-syntax·process: SECTION '{"path":"NEWS.adoc","outcome":"highlighted","bytes":650,"lines":12,"out_bytes":825,"ms_total":0.53,"ms_textconv":0,"ms_load_old":0.29,"ms_load_new":0.2,"ms_hl_old":0.01,"ms_hl_new":0,"ms_validate":0,"ms_emit":0.01}'
2026-08-10 04:52:50.238 +00:00 [INF] tig-syntax·process: SECTION '{"path":"compat/ansidecl.h","outcome":"highlighted","bytes":11024,"lines":319,"out_bytes":32218,"ms_total":1.06,"ms_textconv":0,"ms_load_old":0,"ms_load_new":0.71,"ms_hl_old":0,"ms_hl_new":0.01,"ms_validate":0.12,"ms_emit":0.2}'
2026-08-10 04:52:50.247 +00:00 [INF] tig-syntax·process: SECTION '{"path":"compat/compat.h","outcome":"highlighted","bytes":303,"lines":12,"out_bytes":646,"ms_total":6.97,"ms_textconv":0.01,"ms_load_old":4.26,"ms_load_new":2.65,"ms_hl_old":0.01,"ms_hl_new":0,"ms_validate":0.01,"ms_emit":0.02}'
2026-08-10 04:52:50.251 +00:00 [INF] tig-syntax·process: SECTION '{"path":"compat/hashtab.c","outcome":"highlighted","bytes":30439,"lines":1007,"out_bytes":119195,"ms_total":2.02,"ms_textconv":0.01,"ms_load_old":0,"ms_load_new":0.65,"ms_hl_old":0,"ms_hl_new":0.01,"ms_validate":0.43,"ms_emit":0.87}'
2026-08-10 04:52:50.254 +00:00 [INF] tig-syntax·process: SECTION '{"path":"compat/hashtab.h","outcome":"highlighted","bytes":7764,"lines":215,"out_bytes":22536,"ms_total":0.45,"ms_textconv":0.01,"ms_load_old":0,"ms_load_new":0.24,"ms_hl_old":0,"ms_hl_new":0.01,"ms_validate":0.06,"ms_emit":0.11}'
2026-08-10 04:52:50.258 +00:00 [INF] tig-syntax·process: SECTION '{"path":"configure.ac","outcome":"raw-fallback","bytes":412,"lines":13,"out_bytes":412,"ms_total":1.72,"ms_textconv":0,"ms_load_old":0.13,"ms_load_new":0.13}'
2026-08-10 04:52:50.262 +00:00 [INF] tig-syntax·process: SECTION '{"path":"graph.c","outcome":"highlighted","bytes":24103,"lines":1067,"out_bytes":138943,"ms_total":3,"ms_textconv":0.01,"ms_load_old":0.44,"ms_load_new":0.58,"ms_hl_old":0.02,"ms_hl_new":0.01,"ms_validate":0.64,"ms_emit":1.21}'
2026-08-10 04:52:50.265 +00:00 [INF] tig-syntax·process: SECTION '{"path":"graph.h","outcome":"highlighted","bytes":1480,"lines":72,"out_bytes":7071,"ms_total":0.73,"ms_textconv":0.01,"ms_load_old":0.32,"ms_load_new":0.2,"ms_hl_old":0.02,"ms_hl_new":0.01,"ms_validate":0.05,"ms_emit":0.08}'
2026-08-10 04:52:50.269 +00:00 [INF] tig-syntax·process: SECTION '{"path":"test/test-graph-samples/10_shorter_merge_than_branch.in","outcome":"raw-fallback","bytes":684,"lines":28,"out_bytes":684,"ms_total":2.07,"ms_textconv":0.01,"ms_load_old":0,"ms_load_new":0.26}'
2026-08-10 04:52:50.273 +00:00 [INF] tig-syntax·process: SECTION '{"path":"test/test-graph-samples/10_shorter_merge_than_branch.out","outcome":"raw-fallback","bytes":791,"lines":17,"out_bytes":791,"ms_total":2.57,"ms_textconv":0.02,"ms_load_old":0.01,"ms_load_new":0.49}'
2026-08-10 04:52:50.278 +00:00 [INF] tig-syntax·process: SECTION '{"path":"test/test-graph-samples/11_new_branch_in_middle.in","outcome":"raw-fallback","bytes":593,"lines":24,"out_bytes":593,"ms_total":3.18,"ms_textconv":0.02,"ms_load_old":0.01,"ms_load_new":0.61}'
2026-08-10 04:52:50.284 +00:00 [INF] tig-syntax·process: SECTION '{"path":"test/test-graph-samples/11_new_branch_in_middle.out","outcome":"raw-fallback","bytes":587,"lines":15,"out_bytes":587,"ms_total":3.02,"ms_textconv":0.02,"ms_load_old":0,"ms_load_new":0.51}'
2026-08-10 04:52:50.289 +00:00 [INF] tig-syntax·process: SECTION '{"path":"test/test-graph-samples/12_cross_over_collapse.in","outcome":"raw-fallback","bytes":582,"lines":24,"out_bytes":582,"ms_total":3.02,"ms_textconv":0.02,"ms_load_old":0.01,"ms_load_new":0.45}'
2026-08-10 04:52:50.295 +00:00 [INF] tig-syntax·process: SECTION '{"path":"test/test-graph-samples/12_cross_over_collapse.out","outcome":"raw-fallback","bytes":568,"lines":15,"out_bytes":568,"ms_total":3.2,"ms_textconv":0.02,"ms_load_old":0.01,"ms_load_new":0.53}'
2026-08-10 04:52:50.300 +00:00 [INF] tig-syntax·process: SECTION '{"path":"test/test-graph-samples/13_collapse_parallel_branches_with_different_middle_branch.in","outcome":"raw-fallback","bytes":728,"lines":26,"out_bytes":728,"ms_total":2.99,"ms_textconv":0.02,"ms_load_old":0,"ms_load_new":0.5}'
2026-08-10 04:52:50.305 +00:00 [INF] tig-syntax·process: SECTION '{"path":"test/test-graph-samples/13_collapse_parallel_branches_with_different_middle_branch.out","outcome":"raw-fallback","bytes":783,"lines":16,"out_bytes":783,"ms_total":2.63,"ms_textconv":0.02,"ms_load_old":0.01,"ms_load_new":0.52}'
2026-08-10 04:52:50.310 +00:00 [INF] tig-syntax·process: SECTION '{"path":"test/test-graph-samples/14_long_collapse_line.in","outcome":"raw-fallback","bytes":1027,"lines":46,"out_bytes":1027,"ms_total":2.74,"ms_textconv":0.02,"ms_load_old":0.01,"ms_load_new":0.52}'
2026-08-10 04:52:50.315 +00:00 [INF] tig-syntax·process: SECTION '{"path":"test/test-graph-samples/14_long_collapse_line.out","outcome":"raw-fallback","bytes":1216,"lines":26,"out_bytes":1216,"ms_total":2.53,"ms_textconv":0.01,"ms_load_old":0.01,"ms_load_new":0.42}'
2026-08-10 04:52:50.319 +00:00 [INF] tig-syntax·process: SECTION '{"path":"test/test-graph-samples/15_non_commit_lines.in","outcome":"raw-fallback","bytes":734,"lines":32,"out_bytes":734,"ms_total":2.23,"ms_textconv":0.01,"ms_load_old":0,"ms_load_new":0.41}'
2026-08-10 04:52:50.324 +00:00 [INF] tig-syntax·process: SECTION '{"path":"test/test-graph-samples/15_non_commit_lines.out","outcome":"raw-fallback","bytes":725,"lines":21,"out_bytes":725,"ms_total":2.42,"ms_textconv":0.01,"ms_load_old":0,"ms_load_new":0.41}'
2026-08-10 04:52:50.328 +00:00 [INF] tig-syntax·process: SECTION '{"path":"test/test-graph-samples/1_merge_from_left.in","outcome":"raw-fallback","bytes":415,"lines":16,"out_bytes":415,"ms_total":2.56,"ms_textconv":0.01,"ms_load_old":0,"ms_load_new":0.44}'
2026-08-10 04:52:50.334 +00:00 [INF] tig-syntax·process: SECTION '{"path":"test/test-graph-samples/1_merge_from_left.out","outcome":"raw-fallback","bytes":397,"lines":11,"out_bytes":397,"ms_total":3.33,"ms_textconv":0.02,"ms_load_old":0.01,"ms_load_new":0.6}'
2026-08-10 04:52:50.339 +00:00 [INF] tig-syntax·process: SECTION '{"path":"test/test-graph-samples/2_duplicate_parent.in","outcome":"raw-fallback","bytes":576,"lines":24,"out_bytes":576,"ms_total":2.62,"ms_textconv":0.02,"ms_load_old":0.03,"ms_load_new":0.44}'
2026-08-10 04:52:50.343 +00:00 [INF] tig-syntax·process: SECTION '{"path":"test/test-graph-samples/2_duplicate_parent.out","outcome":"raw-fallback","bytes":546,"lines":15,"out_bytes":546,"ms_total":2.22,"ms_textconv":0.01,"ms_load_old":0,"ms_load_new":0.35}'
2026-08-10 04:52:50.347 +00:00 [INF] tig-syntax·process: SECTION '{"path":"test/test-graph-samples/3_octo_merge.in","outcome":"raw-fallback","bytes":406,"lines":16,"out_bytes":406,"ms_total":2.24,"ms_textconv":0.01,"ms_load_old":0,"ms_load_new":0.32}'
2026-08-10 04:52:50.351 +00:00 [INF] tig-syntax·process: SECTION '{"path":"test/test-graph-samples/3_octo_merge.out","outcome":"raw-fallback","bytes":410,"lines":11,"out_bytes":410,"ms_total":2.29,"ms_textconv":0.01,"ms_load_old":0,"ms_load_new":0.34}'
2026-08-10 04:52:50.355 +00:00 [INF] tig-syntax·process: SECTION '{"path":"test/test-graph-samples/4_missing_bar.in","outcome":"raw-fallback","bytes":479,"lines":20,"out_bytes":479,"ms_total":2.31,"ms_textconv":0.01,"ms_load_old":0,"ms_load_new":0.35}'
2026-08-10 04:52:50.359 +00:00 [INF] tig-syntax·process: SECTION '{"path":"test/test-graph-samples/4_missing_bar.out","outcome":"raw-fallback","bytes":475,"lines":13,"out_bytes":475,"ms_total":2.23,"ms_textconv":0.01,"ms_load_old":0,"ms_load_new":0.33}'
2026-08-10 04:52:50.364 +00:00 [INF] tig-syntax·process: SECTION '{"path":"test/test-graph-samples/5_extra_pipe.in","outcome":"raw-fallback","bytes":422,"lines":18,"out_bytes":422,"ms_total":2.52,"ms_textconv":0.01,"ms_load_old":0,"ms_load_new":0.34}'
2026-08-10 04:52:50.368 +00:00 [INF] tig-syntax·process: SECTION '{"path":"test/test-graph-samples/5_extra_pipe.out","outcome":"raw-fallback","bytes":394,"lines":12,"out_bytes":394,"ms_total":2.3,"ms_textconv":0.01,"ms_load_old":0,"ms_load_new":0.34}'
2026-08-10 04:52:50.373 +00:00 [INF] tig-syntax·process: SECTION '{"path":"test/test-graph-samples/6_extra_bars.in","outcome":"raw-fallback","bytes":2345,"lines":121,"out_bytes":2345,"ms_total":2.58,"ms_textconv":0.01,"ms_load_old":0,"ms_load_new":0.33}'
2026-08-10 04:52:50.377 +00:00 [INF] tig-syntax·process: SECTION '{"path":"test/test-graph-samples/6_extra_bars.out","outcome":"raw-fallback","bytes":2509,"lines":63,"out_bytes":2509,"ms_total":2.53,"ms_textconv":0.01,"ms_load_old":0,"ms_load_new":0.37}'
2026-08-10 04:52:50.382 +00:00 [INF] tig-syntax·process: SECTION '{"path":"test/test-graph-samples/7_multi_collapse.in","outcome":"raw-fallback","bytes":530,"lines":22,"out_bytes":530,"ms_total":2.72,"ms_textconv":0.01,"ms_load_old":0,"ms_load_new":0.31}'
2026-08-10 04:52:50.386 +00:00 [INF] tig-syntax·process: SECTION '{"path":"test/test-graph-samples/7_multi_collapse.out","outcome":"raw-fallback","bytes":578,"lines":14,"out_bytes":578,"ms_total":2.07,"ms_textconv":0.01,"ms_load_old":0,"ms_load_new":0.32}'
2026-08-10 04:52:50.390 +00:00 [INF] tig-syntax·process: SECTION '{"path":"test/test-graph-samples/8_multi_collapse_2.in","outcome":"raw-fallback","bytes":577,"lines":24,"out_bytes":577,"ms_total":2.21,"ms_textconv":0.01,"ms_load_old":0,"ms_load_new":0.32}'
2026-08-10 04:52:50.394 +00:00 [INF] tig-syntax·process: SECTION '{"path":"test/test-graph-samples/8_multi_collapse_2.out","outcome":"raw-fallback","bytes":651,"lines":15,"out_bytes":651,"ms_total":2.13,"ms_textconv":0.01,"ms_load_old":0,"ms_load_new":0.31}'
2026-08-10 04:52:50.398 +00:00 [INF] tig-syntax·process: SECTION '{"path":"test/test-graph-samples/9_parallel_siblings.in","outcome":"raw-fallback","bytes":581,"lines":24,"out_bytes":581,"ms_total":2.17,"ms_textconv":0.01,"ms_load_old":0,"ms_load_new":0.3}'
2026-08-10 04:52:50.402 +00:00 [INF] tig-syntax·process: SECTION '{"path":"test/test-graph-samples/9_parallel_siblings.out","outcome":"raw-fallback","bytes":625,"lines":15,"out_bytes":625,"ms_total":2.09,"ms_textconv":0.01,"ms_load_old":0,"ms_load_new":0.3}'
2026-08-10 04:52:50.406 +00:00 [INF] tig-syntax·process: SECTION '{"path":"test/test-graph-samples/many_merges.in","outcome":"raw-fallback","bytes":2710,"lines":71,"out_bytes":3485,"ms_total":2.4,"ms_textconv":0.01,"ms_load_old":0,"ms_load_new":0.34}'
2026-08-10 04:52:50.411 +00:00 [INF] tig-syntax·process: SECTION '{"path":"test/test-graph-samples/many_merges.out","outcome":"raw-fallback","bytes":966,"lines":26,"out_bytes":966,"ms_total":2.26,"ms_textconv":0.01,"ms_load_old":0,"ms_load_new":0.35}'
2026-08-10 04:52:50.415 +00:00 [INF] tig-syntax·process: SECTION '{"path":"test/test-graph-samples/more.in","outcome":"raw-fallback","bytes":1566,"lines":78,"out_bytes":1566,"ms_total":2.3,"ms_textconv":0.01,"ms_load_old":0,"ms_load_new":0.34}'
2026-08-10 04:52:50.419 +00:00 [INF] tig-syntax·process: SECTION '{"path":"test/test-graph-samples/more.out","outcome":"raw-fallback","bytes":2121,"lines":42,"out_bytes":2121,"ms_total":2.26,"ms_textconv":0.01,"ms_load_old":0,"ms_load_new":0.33}'
2026-08-10 04:52:50.423 +00:00 [INF] tig-syntax·process: SECTION '{"path":"test/test-graph-samples/simple.in","outcome":"raw-fallback","bytes":882,"lines":28,"out_bytes":1207,"ms_total":2.43,"ms_textconv":0.01,"ms_load_old":0,"ms_load_new":0.47}'
2026-08-10 04:52:50.427 +00:00 [INF] tig-syntax·process: SECTION '{"path":"test/test-graph-samples/simple.out","outcome":"raw-fallback","bytes":361,"lines":12,"out_bytes":361,"ms_total":2.33,"ms_textconv":0.01,"ms_load_old":0,"ms_load_new":0.46}'
2026-08-10 04:52:50.451 +00:00 [INF] tig-syntax·process: SECTION '{"path":"test/test-graph-samples/tig-all-long.in","outcome":"raw-fallback","bytes":669987,"lines":14992,"out_bytes":669987,"ms_total":22.13,"ms_textconv":0.01,"ms_load_old":0,"ms_load_new":10}'
2026-08-10 04:52:50.458 +00:00 [INF] tig-syntax·process: SECTION '{"path":"test/test-graph-samples/tig-all-long.out","outcome":"raw-fallback","bytes":86594,"lines":1523,"out_bytes":86594,"ms_total":4.14,"ms_textconv":0.01,"ms_load_old":0,"ms_load_new":1.05}'
2026-08-10 04:52:50.462 +00:00 [INF] tig-syntax·process: SECTION '{"path":"test/test-graph-samples/tig-all.in","outcome":"raw-fallback","bytes":12980,"lines":292,"out_bytes":12980,"ms_total":2.64,"ms_textconv":0.01,"ms_load_old":0,"ms_load_new":0.41}'
2026-08-10 04:52:50.467 +00:00 [INF] tig-syntax·process: SECTION '{"path":"test/test-graph-samples/tig-all.out","outcome":"raw-fallback","bytes":1861,"lines":41,"out_bytes":1861,"ms_total":2.58,"ms_textconv":0.01,"ms_load_old":0,"ms_load_new":0.37}'
2026-08-10 04:52:50.472 +00:00 [INF] tig-syntax·process: SECTION '{"path":"test/test-graph-samples/tig.in","outcome":"raw-fallback","bytes":1469,"lines":34,"out_bytes":1724,"ms_total":2.57,"ms_textconv":0.01,"ms_load_old":0,"ms_load_new":0.38}'
2026-08-10 04:52:50.477 +00:00 [INF] tig-syntax·process: SECTION '{"path":"test/test-graph-samples/tig.out","outcome":"raw-fallback","bytes":684,"lines":14,"out_bytes":684,"ms_total":2.56,"ms_textconv":0.01,"ms_load_old":0,"ms_load_new":0.34}'
2026-08-10 04:52:50.480 +00:00 [INF] tig-syntax·process: SECTION '{"path":"test/unit-test-graph.sh","outcome":"highlighted","bytes":619,"lines":25,"out_bytes":2794,"ms_total":0.49,"ms_textconv":0.01,"ms_load_old":0,"ms_load_new":0.35,"ms_hl_old":0,"ms_hl_new":0.03,"ms_validate":0.03,"ms_emit":0.04}'
2026-08-10 04:52:50.504 +00:00 [INF] tig-syntax·process: SECTION '{"path":"compat/utf8proc.c","outcome":"highlighted","bytes":3924,"lines":89,"out_bytes":13682,"ms_total":1.02,"ms_textconv":0.01,"ms_load_old":0.46,"ms_load_new":0.37,"ms_hl_old":0.02,"ms_hl_new":0.01,"ms_validate":0.04,"ms_emit":0.07}'
2026-08-10 04:52:50.534 +00:00 [INF] tig-syntax·process: SECTION '{"path":"compat/utf8proc.h","outcome":"highlighted","bytes":12617,"lines":260,"out_bytes":23914,"ms_total":13.35,"ms_textconv":0.02,"ms_load_old":9.55,"ms_load_new":3.51,"ms_hl_old":0.02,"ms_hl_new":0,"ms_validate":0.08,"ms_emit":0.09}'
2026-08-10 04:52:50.599 +00:00 [INF] tig-syntax·process: SECTION '{"path":"compat/utf8proc_data.c","outcome":"highlighted","bytes":4507550,"lines":31594,"out_bytes":29441224,"ms_total":59.98,"ms_textconv":0.01,"ms_load_old":4.8,"ms_load_new":4.28,"ms_hl_old":0.02,"ms_hl_new":0,"ms_validate":6.97,"ms_emit":43.24}'
2026-08-10 04:52:50.838 +00:00 [INF] tig-syntax·process: SECTION '{"path":"big.ts","outcome":"highlighted","bytes":434,"lines":13,"out_bytes":2978,"ms_total":164.21,"ms_textconv":0.01,"ms_load_old":152.71,"ms_load_new":11.38,"ms_hl_old":0.03,"ms_hl_new":0,"ms_validate":0.02,"ms_emit":0.04}'
2026-08-10 04:52:50.896 +00:00 [INF] tig-syntax·process: SECTION '{"path":"big.ts","outcome":"highlighted","bytes":505,"lines":13,"out_bytes":3070,"ms_total":20.4,"ms_textconv":0.01,"ms_load_old":3.05,"ms_load_new":17.25,"ms_hl_old":0.02,"ms_hl_new":0,"ms_validate":0.01,"ms_emit":0.03}'
2026-08-10 04:52:50.958 +00:00 [INF] tig-syntax·process: SECTION '{"path":"big.ts","outcome":"highlighted","bytes":447,"lines":12,"out_bytes":2546,"ms_total":17.07,"ms_textconv":0.02,"ms_load_old":3.19,"ms_load_new":13.72,"ms_hl_old":0.02,"ms_hl_new":0,"ms_validate":0.01,"ms_emit":0.02}'
2026-08-10 04:52:50.971 +00:00 [INF] tig-syntax·process: SECTION '{"path":"minified.js","outcome":"highlighted","bytes":23626,"lines":15,"out_bytes":256877,"ms_total":0.85,"ms_textconv":0.01,"ms_load_old":0.41,"ms_load_new":0.2,"ms_hl_old":0.01,"ms_hl_new":0,"ms_validate":0.01,"ms_emit":0.18}'
